date,book,userid
2018-07-07 21:52:40Z,The Grapes of Wrath,RIS45QSH4NG
2018-03-04 02:23:25Z,The Lord of The Rings,UPQ74SZR4GJ
2021-04-25 08:07:50Z,The Brothers Karamazov ,PKX71MDR7TX
2018-11-02 03:18:27Z,Madame Bovary,RMO23FNM8ZE
2011-01-17 11:06:02Z,The Divine Comedy,OLT25NPY3UK
2013-04-15 15:34:25Z,Great Expectations,RIS45QSH4NG
2016-03-12 20:12:34Z,Pride and Prejudice,CFN06GBY7EB
2018-02-15 19:05:52Z,Robinson Crusoe,RIS45QSH4NG
2021-08-08 16:03:27Z,Hamlet,JLR04AMT4SR
2021-08-17 12:02:02Z,One Thousand and One Nights,JLR04AMT4SR
2022-05-08 15:40:09Z,Anna Karenina,KLY23XPY8BA
2012-05-25 19:49:47Z,Gargantua and Pantagruel,PKX71MDR7TX
2021-12-02 12:56:04Z,Moby Dick,XMC46BJB8RT
2010-06-29 03:31:51Z,Les Misérables,XMC46BJB8RT
2020-11-07 01:25:04Z,In Search of Lost Time,PKX71MDR7TX
2014-04-09 10:37:00Z,Invisible Man,RIS45QSH4NG
2018-08-11 14:31:57Z,Great Expectations,ASJ80SPW6GW
2020-04-16 04:03:23Z,The Sound and the Fury,ASJ80SPW6GW
2020-03-11 22:16:06Z,Tristram Shandy,ASJ80SPW6GW
2015-03-08 17:57:15Z,Hamlet,MCB21QLB4BY
2019-12-12 00:10:42Z,The Handmaid's Tale,RMO23FNM8ZE
2021-07-27 05:35:36Z,Tess of the d'Urbervilles,XMC46BJB8RT
2019-01-13 04:49:50Z,The Old Man and the Sea,JLR04AMT4SR
2014-03-21 00:57:42Z,Robinson Crusoe,MJK16RRR2OH
2020-01-11 02:08:02Z,The Sun Also Rises,PDH21WYL3QN
2020-12-15 17:19:38Z,Don Quixote,PDH21WYL3QN
2016-12-30 10:21:58Z,The Canterbury Tales,JLR04AMT4SR
2018-05-20 10:48:23Z,Tristram Shandy,PKX71MDR7TX
2017-07-09 13:25:31Z,The Old Man and the Sea,RMO23FNM8ZE
2017-10-20 03:25:00Z,Alice Adventures in Wonderland,PKX71MDR7TX
2015-03-01 18:15:52Z,Lord of the Flies,ZQX26APL1AT
2018-11-20 20:08:11Z,Oedipus,PDH21WYL3QN
2012-03-04 20:56:27Z,Les Misérables,OLT25NPY3UK
2013-05-07 19:49:40Z,Tristram Shandy,ASJ80SPW6GW
2020-09-27 04:34:16Z,Ulysses,CFN06GBY7EB
2012-10-11 15:36:54Z,The Red and the Black,XMC46BJB8RT
2019-01-09 07:18:31Z,The Flowers of Evil,UPQ74SZR4GJ
2019-06-26 04:28:44Z,One Thousand and One Nights,KLY23XPY8BA
2019-11-14 07:36:39Z,Nineteen Eighty Four,QYO02IHJ4CT
2018-08-26 14:56:12Z,Tess of the d'Urbervilles,OLT25NPY3UK
2019-10-02 07:43:33Z,The Magic Mountain,JLR04AMT4SR
2012-12-06 04:58:05Z,Hamlet,OLT25NPY3UK
2010-12-31 06:12:16Z,The Grapes of Wrath,ZQX26APL1AT
2020-01-21 13:25:42Z,Gone With the Wind,RIS45QSH4NG
2010-11-09 08:05:13Z,Paradise Lost,PKX71MDR7TX
2016-11-10 12:53:57Z,The Old Man and the Sea,QYO02IHJ4CT
2017-02-16 15:23:03Z,Alice Adventures in Wonderland,KLY23XPY8BA
2015-03-26 13:43:15Z,In Search of Lost Time,RIS45QSH4NG
2017-01-09 04:22:42Z,To the Lighthouse,JLR04AMT4SR
2016-08-31 02:19:39Z,One Hundred Years of Solitude,CFN06GBY7EB
2011-07-10 04:14:37Z,The Sound and the Fury,RMO23FNM8ZE
2015-05-15 05:30:54Z,Lolita,CFN06GBY7EB
2018-03-13 06:01:57Z,Madame Bovary,PDH21WYL3QN
2014-09-23 19:08:09Z,The Handmaid's Tale,UPQ74SZR4GJ
2012-10-15 19:10:10Z,Hamlet,RIS45QSH4NG
2020-05-05 22:21:48Z,Alice Adventures in Wonderland,ZQX26APL1AT
2015-07-02 05:14:28Z,Hamlet,RMO23FNM8ZE
2014-09-05 10:44:13Z,Oedipus,QYO02IHJ4CT
2012-07-08 02:48:31Z,The Divine Comedy,ZQX26APL1AT
2013-07-11 04:24:14Z,The Great Gatsby,KLY23XPY8BA
2018-04-18 22:10:04Z,Nineteen Eighty Four,MCB21QLB4BY
2013-05-15 00:04:36Z,The Grapes of Wrath,ASJ80SPW6GW
2015-08-17 19:41:46Z,Nineteen Eighty Four,RMO23FNM8ZE
2015-06-12 01:31:56Z,Alice Adventures in Wonderland,ASJ80SPW6GW
2021-06-13 02:54:25Z,To the Lighthouse,KLY23XPY8BA
2011-09-26 00:37:15Z,The Flowers of Evil,PDH21WYL3QN
2017-12-28 13:06:44Z,Madame Bovary,JLR04AMT4SR
2015-12-15 01:09:10Z,Gargantua and Pantagruel,RIS45QSH4NG
2014-04-23 08:07:12Z,Emma,MCB21QLB4BY
2014-03-18 08:02:13Z,Madame Bovary,RMO23FNM8ZE
2012-11-23 15:26:07Z,Don Quixote,KLY23XPY8BA
2017-01-01 00:44:38Z,Anna Karenina,MJK16RRR2OH
2013-02-20 09:47:50Z,Robinson Crusoe,JLR04AMT4SR
2020-10-16 17:55:17Z,The Odyssey,CFN06GBY7EB
2014-11-15 20:21:10Z,Ulysses,PDH21WYL3QN
2017-01-21 22:41:08Z,The Old Man and the Sea,CFN06GBY7EB
2019-02-09 22:24:46Z,Gone With the Wind,PDH21WYL3QN
2022-02-18 02:58:36Z,Gulliver's Travels,KLY23XPY8BA
2015-07-07 06:30:58Z,Gone With the Wind,KLY23XPY8BA
2021-08-18 12:16:49Z,To the Lighthouse,JLR04AMT4SR
2017-04-23 10:43:22Z,The Old Man and the Sea,MCB21QLB4BY
2014-03-25 06:15:19Z,The Good Soldier,MCB21QLB4BY
2017-05-05 07:35:31Z,One Thousand and One Nights,JLR04AMT4SR
2013-06-19 22:01:17Z,Vanity Fair,XMC46BJB8RT
2019-04-30 17:18:21Z,To the Lighthouse,MCB21QLB4BY
2011-04-10 08:21:37Z,Tess of the d'Urbervilles,KLY23XPY8BA
2022-05-31 16:51:42Z,In Search of Lost Time,XMC46BJB8RT
2013-08-30 05:01:39Z,The Scarlet Letter,RMO23FNM8ZE
2018-07-18 19:39:02Z,Great Expectations,KLY23XPY8BA
2011-08-06 15:57:30Z,Nineteen Eighty Four,RIS45QSH4NG
2021-11-01 12:57:24Z,David Copperfield,PDH21WYL3QN
2020-04-18 03:22:56Z,The Great Gatsby,ZQX26APL1AT
2021-10-03 21:37:27Z,The Handmaid's Tale,CFN06GBY7EB
2020-12-29 10:52:58Z,Moby Dick,QYO02IHJ4CT
2010-09-21 21:20:03Z,Lolita,ASJ80SPW6GW
2021-02-03 02:16:00Z,Les Misérables,RIS45QSH4NG
2014-12-27 09:49:19Z,Gulliver's Travels,RMO23FNM8ZE
2015-12-20 16:26:01Z,Oedipus,PKX71MDR7TX
2012-01-05 19:04:37Z,Nineteen Eighty Four,JLR04AMT4SR
2019-05-25 05:12:26Z,Madame Bovary,QYO02IHJ4CT
2018-04-11 18:57:19Z,The Magic Mountain,XMC46BJB8RT
2022-05-23 04:53:40Z,To Kill a Mockingbird,ASJ80SPW6GW
2019-03-21 19:22:37Z,Paradise Lost,OLT25NPY3UK
2016-12-09 01:17:31Z,Alice Adventures in Wonderland,ASJ80SPW6GW
2012-03-23 22:51:16Z, Oedipus at Colonus,ZQX26APL1AT
2012-07-27 20:42:45Z,Pride and Prejudice,ASJ80SPW6GW
2018-06-17 20:49:30Z,The Lord of The Rings,CFN06GBY7EB
2017-06-02 09:30:03Z,Gulliver's Travels,MJK16RRR2OH
2013-09-16 18:45:12Z,Pride and Prejudice,KLY23XPY8BA
2013-09-26 10:26:57Z,The Flowers of Evil,ASJ80SPW6GW
2018-05-26 21:39:18Z,Les Misérables,PKX71MDR7TX
2018-05-28 21:41:15Z,Game of Thrones,MJK16RRR2OH
2011-10-05 10:08:41Z,Alice Adventures in Wonderland,QYO02IHJ4CT
2020-08-07 00:50:56Z,Game of Thrones,OLT25NPY3UK
2011-11-12 12:13:35Z,The Odyssey,JLR04AMT4SR
2014-05-14 05:38:16Z,Ulysses,CFN06GBY7EB
2018-12-16 10:43:00Z,Les Misérables,ZQX26APL1AT
2019-06-05 05:31:11Z,The Grapes of Wrath,ZQX26APL1AT
2018-04-16 16:15:57Z,To Kill a Mockingbird,ASJ80SPW6GW
2020-01-28 15:04:04Z,Don Quixote,RIS45QSH4NG
2013-07-07 14:28:52Z,War and Peace,OLT25NPY3UK
2011-09-03 15:03:26Z,The Grapes of Wrath,UPQ74SZR4GJ
2015-10-03 06:24:27Z,Robinson Crusoe,CFN06GBY7EB
2018-07-09 16:07:21Z,Robinson Crusoe,PKX71MDR7TX
2017-12-21 11:39:55Z,To the Lighthouse,RMO23FNM8ZE
2015-03-27 06:15:46Z,The Great Gatsby,MJK16RRR2OH
2018-03-04 03:33:08Z,In Search of Lost Time,QYO02IHJ4CT
2011-07-17 21:50:21Z,Lord of the Flies,XMC46BJB8RT
2011-02-23 03:04:10Z,Gone With the Wind,MJK16RRR2OH
2014-12-18 07:47:34Z,Don Quixote,JLR04AMT4SR
2011-04-23 12:41:40Z,The Sun Also Rises,MCB21QLB4BY
2019-09-05 21:31:27Z,The Scarlet Letter,RIS45QSH4NG
2020-03-31 09:15:23Z,Great Expectations,PKX71MDR7TX
2013-12-28 16:15:54Z,Emma,JLR04AMT4SR
2019-01-29 20:44:08Z,Les Misérables,QYO02IHJ4CT
2016-01-20 09:28:22Z,The Great Gatsby,JLR04AMT4SR
2011-07-11 11:39:38Z,Pride and Prejudice,XMC46BJB8RT
2011-06-27 10:51:36Z,Gargantua and Pantagruel,CFN06GBY7EB
2012-03-02 09:23:07Z,Vanity Fair,MJK16RRR2OH
2018-01-17 20:40:48Z,The Magic Mountain,PDH21WYL3QN
2018-07-05 00:51:17Z,To the Lighthouse,RIS45QSH4NG
2012-11-14 18:33:21Z,The Great Gatsby,MJK16RRR2OH
2014-09-28 10:09:24Z,Don Quixote,QYO02IHJ4CT
2014-05-31 17:36:24Z,The Magic Mountain,KLY23XPY8BA
2020-09-28 19:38:09Z,Don Quixote,JLR04AMT4SR
2014-02-09 10:36:43Z,David Copperfield,UPQ74SZR4GJ
2017-05-07 16:39:06Z,Robinson Crusoe,PDH21WYL3QN
2011-01-25 14:21:13Z,Gargantua and Pantagruel,MJK16RRR2OH
2013-12-12 20:30:33Z,Vanity Fair,RMO23FNM8ZE
2018-08-17 05:58:58Z, Oedipus at Colonus,JLR04AMT4SR
2020-12-13 06:16:32Z,To the Lighthouse,PDH21WYL3QN
2020-08-02 09:41:09Z,Alice Adventures in Wonderland,UPQ74SZR4GJ
2019-03-20 03:48:39Z,Madame Bovary,JLR04AMT4SR
2018-02-05 18:03:01Z,Game of Thrones,JLR04AMT4SR
2019-02-15 08:23:37Z,The Brothers Karamazov ,MJK16RRR2OH
2022-03-20 07:04:44Z,One Thousand and One Nights,ASJ80SPW6GW
2011-02-16 11:37:38Z,To Kill a Mockingbird,OLT25NPY3UK
2014-01-23 10:06:40Z,In Search of Lost Time,XMC46BJB8RT
2018-05-24 20:12:05Z,The Great Gatsby,ZQX26APL1AT
2011-11-24 01:50:05Z,Gargantua and Pantagruel,ZQX26APL1AT
2021-01-07 04:56:52Z,Great Expectations,JLR04AMT4SR
2016-03-28 20:38:33Z,Tristram Shandy,XMC46BJB8RT
2016-10-26 07:56:40Z, Oedipus at Colonus,QYO02IHJ4CT
2013-05-06 12:10:49Z,The Canterbury Tales,RIS45QSH4NG
2012-10-07 15:21:29Z,To the Lighthouse,MCB21QLB4BY
2020-05-06 04:17:34Z,The Odyssey,PDH21WYL3QN
2021-08-12 10:57:58Z,The Good Soldier,XMC46BJB8RT
2020-12-06 12:43:17Z,Wuthering Heights,QYO02IHJ4CT
2015-07-31 18:32:14Z,The Grapes of Wrath,JLR04AMT4SR
2014-07-12 21:30:02Z,To Kill a Mockingbird,KLY23XPY8BA
2017-07-18 20:00:54Z,The Good Soldier,ZQX26APL1AT
2012-09-25 18:27:27Z,In Search of Lost Time,PKX71MDR7TX
2014-02-03 13:04:41Z,One Hundred Years of Solitude,RIS45QSH4NG
2011-03-24 07:56:06Z,Anna Karenina,JLR04AMT4SR
2019-01-07 18:51:29Z,Lolita,ZQX26APL1AT
2015-04-17 03:06:28Z,Game of Thrones,JLR04AMT4SR
2021-01-02 15:15:45Z,The Magic Mountain,PDH21WYL3QN
2011-01-02 10:02:24Z,Robinson Crusoe,PKX71MDR7TX
2011-02-06 01:16:45Z,Hamlet,MJK16RRR2OH
2020-09-06 16:49:43Z,Gulliver's Travels,ASJ80SPW6GW
2022-05-27 22:24:50Z,Game of Thrones,QYO02IHJ4CT
2020-02-04 00:29:10Z,The Canterbury Tales,KLY23XPY8BA
2011-01-13 16:57:22Z,Paradise Lost,JLR04AMT4SR
2018-03-21 07:17:26Z,One Thousand and One Nights,PDH21WYL3QN
2017-09-26 06:32:42Z,Alice Adventures in Wonderland,ASJ80SPW6GW
2018-03-25 11:05:27Z,The Divine Comedy,ASJ80SPW6GW
2018-09-13 07:22:32Z,Game of Thrones,ZQX26APL1AT
2021-04-04 05:23:39Z,One Thousand and One Nights,MCB21QLB4BY
2010-11-07 22:51:14Z,Wuthering Heights,UPQ74SZR4GJ
2014-10-02 02:53:07Z,Robinson Crusoe,CFN06GBY7EB
2016-10-25 09:23:16Z,Les Misérables,CFN06GBY7EB
2018-10-21 09:40:42Z,Tristram Shandy,PKX71MDR7TX
2013-12-06 21:01:16Z,Madame Bovary,RIS45QSH4NG
2019-05-29 07:25:16Z,The Flowers of Evil,XMC46BJB8RT
2015-04-02 21:36:57Z,To the Lighthouse,CFN06GBY7EB
2018-03-13 09:18:22Z,Gargantua and Pantagruel,KLY23XPY8BA
2017-02-22 14:57:05Z,Great Expectations,ASJ80SPW6GW
2013-09-11 21:05:13Z,Vanity Fair,PDH21WYL3QN
2016-02-13 12:40:13Z,The Canterbury Tales,RIS45QSH4NG
2011-11-02 21:34:44Z,The Handmaid's Tale,MJK16RRR2OH
2010-11-04 15:36:21Z,Pride and Prejudice,QYO02IHJ4CT
2017-10-25 18:24:51Z,The Lord of The Rings,ZQX26APL1AT
2013-08-15 02:18:56Z,The Divine Comedy,XMC46BJB8RT
2018-08-20 21:55:54Z,Moby Dick,PKX71MDR7TX
2020-06-02 05:12:52Z,Emma,PKX71MDR7TX
2020-08-30 05:23:47Z,Nineteen Eighty Four,QYO02IHJ4CT
2018-12-22 19:32:46Z,Lolita,UPQ74SZR4GJ
2021-03-07 22:35:05Z,The Flowers of Evil,XMC46BJB8RT
2016-03-24 11:13:31Z,Alice Adventures in Wonderland,PKX71MDR7TX
2014-09-21 05:43:20Z,Madame Bovary,RIS45QSH4NG
2012-07-10 22:38:32Z,The Flowers of Evil,MCB21QLB4BY
2020-01-12 10:43:05Z,Alice Adventures in Wonderland,PKX71MDR7TX
2014-12-26 09:35:33Z,The Brothers Karamazov ,PDH21WYL3QN
2015-06-11 12:31:12Z,Pride and Prejudice,PKX71MDR7TX
2018-09-30 07:49:10Z,Lolita,UPQ74SZR4GJ
2014-04-16 00:39:44Z,Gulliver's Travels,RIS45QSH4NG
2017-11-05 11:02:18Z,Alice Adventures in Wonderland,UPQ74SZR4GJ
2019-01-19 04:00:01Z,Gulliver's Travels,PKX71MDR7TX
2015-08-13 05:30:56Z,Great Expectations,MCB21QLB4BY
2011-06-09 20:39:33Z,Oedipus,MCB21QLB4BY
2019-12-19 16:30:20Z,Ulysses,QYO02IHJ4CT
2020-07-17 03:28:48Z,Tristram Shandy,JLR04AMT4SR
2019-10-31 18:58:09Z,The Sun Also Rises,MJK16RRR2OH
2020-12-27 08:16:25Z,The Magic Mountain,PDH21WYL3QN
2013-02-12 12:30:16Z,Gone With the Wind,JLR04AMT4SR
2015-09-07 18:51:47Z,War and Peace,RMO23FNM8ZE
2015-05-10 08:06:02Z,Alice Adventures in Wonderland,ZQX26APL1AT
2021-06-23 22:41:30Z,Emma,UPQ74SZR4GJ
2017-03-24 16:10:33Z,The Canterbury Tales,KLY23XPY8BA
2018-02-06 06:21:26Z,One Hundred Years of Solitude,PDH21WYL3QN
2019-04-10 14:13:17Z,One Hundred Years of Solitude,ASJ80SPW6GW
2013-03-03 04:14:46Z,Great Expectations,QYO02IHJ4CT
2010-09-28 06:39:10Z,Hamlet,MCB21QLB4BY
2015-07-20 15:56:01Z,The Handmaid's Tale,CFN06GBY7EB
2021-03-13 15:44:08Z,David Copperfield,ASJ80SPW6GW
2016-07-28 08:55:06Z,Gulliver's Travels,RMO23FNM8ZE
2012-06-15 10:25:18Z,The Red and the Black,JLR04AMT4SR
2019-09-27 02:47:32Z,The Red and the Black,CFN06GBY7EB
2019-04-06 16:53:09Z,The Magic Mountain,OLT25NPY3UK
2013-12-11 00:00:32Z,Lolita,ZQX26APL1AT
2021-11-15 07:19:49Z,The Handmaid's Tale,PKX71MDR7TX
2011-05-18 20:05:35Z,Pride and Prejudice,ASJ80SPW6GW
2020-08-11 05:07:50Z,Anna Karenina,RIS45QSH4NG
2017-04-25 19:21:15Z,The Magic Mountain,RIS45QSH4NG
2014-01-19 20:24:07Z,Tess of the d'Urbervilles,MCB21QLB4BY
2012-04-15 17:34:51Z,Vanity Fair,JLR04AMT4SR
2016-01-27 08:23:22Z,The Brothers Karamazov ,CFN06GBY7EB
2020-09-16 02:34:42Z,The Sound and the Fury,UPQ74SZR4GJ
2021-02-18 00:11:33Z,The Great Gatsby,ASJ80SPW6GW
2016-04-26 14:02:57Z,David Copperfield,ZQX26APL1AT
2015-11-26 15:43:16Z,To the Lighthouse,RIS45QSH4NG
2011-03-24 20:11:57Z,Tristram Shandy,KLY23XPY8BA
2014-06-01 06:12:12Z,The Sun Also Rises,QYO02IHJ4CT
2016-01-16 19:43:52Z,Wuthering Heights,XMC46BJB8RT
2015-10-03 05:37:25Z,Great Expectations,RMO23FNM8ZE
2013-08-19 15:50:04Z,Robinson Crusoe,PDH21WYL3QN
2016-12-19 16:36:11Z,Invisible Man,CFN06GBY7EB
2019-11-16 14:06:56Z,The Red and the Black,PKX71MDR7TX
2021-11-07 21:36:16Z,One Hundred Years of Solitude,UPQ74SZR4GJ
2017-08-06 18:58:02Z,The Handmaid's Tale,PDH21WYL3QN
2018-02-24 20:09:37Z,The Scarlet Letter,RMO23FNM8ZE
2012-12-10 01:17:53Z,The Canterbury Tales,OLT25NPY3UK
2014-12-27 01:07:35Z,The Divine Comedy,QYO02IHJ4CT
2017-12-22 15:01:15Z,Lolita,RMO23FNM8ZE
2020-05-05 16:46:57Z,Robinson Crusoe,KLY23XPY8BA
2016-07-17 14:21:55Z,Gargantua and Pantagruel,RMO23FNM8ZE
2015-10-03 16:47:28Z,Lolita,CFN06GBY7EB
2018-07-09 12:58:55Z,Lolita,XMC46BJB8RT
2019-05-02 07:11:46Z,The Sun Also Rises,RIS45QSH4NG
2021-03-02 18:01:22Z,Tess of the d'Urbervilles,JLR04AMT4SR
2021-07-23 18:42:19Z,Gargantua and Pantagruel,PDH21WYL3QN
2021-05-03 01:10:14Z,Lolita,MCB21QLB4BY
2017-06-06 15:20:08Z,Oedipus,RIS45QSH4NG
2018-08-06 05:37:50Z,Lord of the Flies,ZQX26APL1AT
2011-05-06 15:04:31Z,Pride and Prejudice,MCB21QLB4BY
2016-02-29 12:58:26Z,One Hundred Years of Solitude,RIS45QSH4NG
2018-10-16 13:58:04Z,The Odyssey,OLT25NPY3UK
2018-02-21 22:28:42Z,The Sound and the Fury,MCB21QLB4BY
2017-06-24 08:44:11Z,Don Quixote,CFN06GBY7EB
2011-02-18 22:03:04Z,The Odyssey,PDH21WYL3QN
2018-01-19 04:09:08Z,Ulysses,JLR04AMT4SR
2013-05-10 16:11:19Z,Emma,RMO23FNM8ZE
2014-11-15 02:42:43Z,The Great Gatsby,RIS45QSH4NG
2022-03-05 15:16:16Z,Game of Thrones,RMO23FNM8ZE
2018-11-19 17:54:01Z,War and Peace,OLT25NPY3UK
2018-11-15 21:51:21Z,Gulliver's Travels,ASJ80SPW6GW
2016-04-06 10:54:35Z,Tess of the d'Urbervilles,MCB21QLB4BY
2016-08-28 10:49:16Z,The Handmaid's Tale,ZQX26APL1AT
2021-07-02 17:08:25Z,One Thousand and One Nights,PDH21WYL3QN
2016-05-04 15:00:09Z,Anna Karenina,KLY23XPY8BA
2014-11-11 16:45:58Z,Don Quixote,ZQX26APL1AT
2020-09-03 05:07:29Z,Game of Thrones,QYO02IHJ4CT
2014-03-12 19:48:24Z,To Kill a Mockingbird,ASJ80SPW6GW
2021-03-19 04:07:51Z,The Sun Also Rises,XMC46BJB8RT
2016-10-22 19:00:40Z,The Canterbury Tales,JLR04AMT4SR
2021-07-26 14:28:33Z,Don Quixote,CFN06GBY7EB
2010-12-27 21:42:11Z,Gone With the Wind,PDH21WYL3QN
2019-10-16 16:54:26Z,The Grapes of Wrath,ZQX26APL1AT
2013-07-19 07:19:10Z,Emma,RIS45QSH4NG
2011-05-01 21:43:36Z,Gone With the Wind,QYO02IHJ4CT
2014-03-23 12:07:37Z,Paradise Lost,XMC46BJB8RT
2016-09-01 16:05:49Z,Lord of the Flies,MJK16RRR2OH
2012-12-04 17:33:21Z,The Great Gatsby,KLY23XPY8BA
2015-02-12 02:37:50Z,Hamlet,ASJ80SPW6GW
2012-10-10 05:39:51Z,The Magic Mountain,RIS45QSH4NG
2013-01-16 11:48:22Z,Game of Thrones,ZQX26APL1AT
2022-02-26 20:51:00Z,The Sound and the Fury,OLT25NPY3UK
2016-08-08 18:05:32Z,The Great Gatsby,PKX71MDR7TX
2011-04-30 13:05:13Z,To Kill a Mockingbird,ZQX26APL1AT
2016-05-11 17:57:08Z,The Red and the Black,PKX71MDR7TX
2021-11-22 07:52:35Z,Great Expectations,UPQ74SZR4GJ
2011-03-15 20:15:21Z,To the Lighthouse,RMO23FNM8ZE
2010-06-05 20:41:44Z,The Scarlet Letter,MCB21QLB4BY
2014-01-01 20:33:30Z,In Search of Lost Time,UPQ74SZR4GJ
2017-08-04 00:05:47Z,Invisible Man,KLY23XPY8BA
2017-07-10 03:25:03Z,Gargantua and Pantagruel,UPQ74SZR4GJ
2016-02-05 12:39:28Z,Alice Adventures in Wonderland,QYO02IHJ4CT
2018-04-26 00:16:37Z,Gargantua and Pantagruel,JLR04AMT4SR
2018-03-04 12:42:06Z,Hamlet,CFN06GBY7EB
2012-09-29 20:20:58Z,One Hundred Years of Solitude,OLT25NPY3UK
2017-07-30 04:26:36Z,Nineteen Eighty Four,KLY23XPY8BA
2021-06-13 05:04:38Z,Gargantua and Pantagruel,MJK16RRR2OH
2021-04-29 10:12:34Z,Invisible Man,PDH21WYL3QN
2015-12-05 04:13:36Z,The Handmaid's Tale,ASJ80SPW6GW
2013-08-27 14:54:44Z,The Divine Comedy,RMO23FNM8ZE
2011-03-11 07:57:45Z,The Flowers of Evil,QYO02IHJ4CT
2018-09-24 18:26:32Z,Anna Karenina,MJK16RRR2OH
2013-11-17 02:03:10Z,Lord of the Flies,QYO02IHJ4CT
2015-07-18 21:36:50Z,Tess of the d'Urbervilles,MCB21QLB4BY
2012-11-22 07:07:09Z,The Good Soldier,OLT25NPY3UK
2022-04-29 15:42:23Z,The Scarlet Letter,MCB21QLB4BY
2022-01-25 05:40:42Z,The Scarlet Letter,KLY23XPY8BA
2017-08-27 05:17:52Z,Game of Thrones,MJK16RRR2OH
2011-06-06 22:38:24Z,The Lord of The Rings,UPQ74SZR4GJ
2014-10-11 03:02:23Z,The Canterbury Tales,RIS45QSH4NG
2014-03-07 00:04:52Z,The Lord of The Rings,CFN06GBY7EB
2019-04-24 04:48:11Z,Gargantua and Pantagruel,KLY23XPY8BA
2010-07-21 02:03:18Z,Moby Dick,KLY23XPY8BA
2010-10-27 09:20:55Z,The Metamorphosis,UPQ74SZR4GJ
2012-06-13 15:43:45Z,Gargantua and Pantagruel,XMC46BJB8RT
2013-01-09 15:42:28Z,Lord of the Flies,ASJ80SPW6GW
2020-08-20 14:18:13Z,Gulliver's Travels,RIS45QSH4NG
2022-01-18 04:47:02Z,One Hundred Years of Solitude,XMC46BJB8RT
2015-06-02 10:06:06Z,Game of Thrones,KLY23XPY8BA
2022-04-11 21:20:11Z,War and Peace,ASJ80SPW6GW
2021-12-17 18:06:46Z,Pride and Prejudice,ZQX26APL1AT
2018-05-06 06:18:06Z,One Thousand and One Nights,ASJ80SPW6GW
2011-03-08 10:19:57Z,Gulliver's Travels,KLY23XPY8BA
2014-12-25 18:49:22Z,The Scarlet Letter,OLT25NPY3UK
2020-09-30 13:17:25Z,Moby Dick,RIS45QSH4NG
2019-03-21 12:36:40Z,Ulysses,RMO23FNM8ZE
2013-11-10 07:30:49Z,The Magic Mountain,OLT25NPY3UK
2011-01-01 11:31:13Z,The Magic Mountain,JLR04AMT4SR
2018-11-19 19:40:34Z,Tristram Shandy,QYO02IHJ4CT
2021-10-26 02:08:11Z,David Copperfield,JLR04AMT4SR
2012-11-02 02:56:56Z,Gargantua and Pantagruel,ASJ80SPW6GW
2014-08-24 11:40:34Z,The Magic Mountain,ASJ80SPW6GW
2011-10-22 14:37:18Z,Anna Karenina,XMC46BJB8RT
2019-03-14 21:28:41Z,Tess of the d'Urbervilles,OLT25NPY3UK
2020-10-09 05:36:06Z,In Search of Lost Time,ZQX26APL1AT
2022-05-29 21:42:58Z,The Magic Mountain,MJK16RRR2OH
2017-12-14 09:25:58Z,The Handmaid's Tale,PDH21WYL3QN
2012-09-20 08:33:03Z,The Red and the Black,PKX71MDR7TX
2017-01-11 19:55:56Z,Don Quixote,UPQ74SZR4GJ
2011-02-27 05:21:23Z,Oedipus,RIS45QSH4NG
2022-05-22 14:25:18Z,The Sound and the Fury,PKX71MDR7TX
2021-11-11 11:49:24Z,Ulysses,ZQX26APL1AT
2015-07-22 17:41:19Z,War and Peace,CFN06GBY7EB
2019-01-23 04:38:42Z,Pride and Prejudice,ASJ80SPW6GW
2014-08-02 08:24:46Z,Les Misérables,XMC46BJB8RT
2010-09-18 07:38:56Z,Madame Bovary,UPQ74SZR4GJ
2019-08-12 12:19:16Z,The Magic Mountain,MJK16RRR2OH
2010-07-05 22:06:08Z,War and Peace,OLT25NPY3UK
2018-12-21 12:09:16Z,Madame Bovary,UPQ74SZR4GJ
2019-09-18 03:36:18Z,Tristram Shandy,MJK16RRR2OH
2020-08-21 13:37:24Z,Great Expectations,RIS45QSH4NG
2017-09-11 04:37:58Z,To Kill a Mockingbird,UPQ74SZR4GJ
2018-03-04 18:51:54Z,Hamlet,KLY23XPY8BA
2020-11-01 10:25:04Z,War and Peace,OLT25NPY3UK
2019-07-13 02:29:04Z,Emma,QYO02IHJ4CT
2020-01-16 05:08:18Z,Gone With the Wind,CFN06GBY7EB
2021-02-28 15:20:31Z,War and Peace,CFN06GBY7EB
2012-07-17 21:54:53Z,Paradise Lost,PDH21WYL3QN
2020-03-17 07:06:19Z,The Grapes of Wrath,RMO23FNM8ZE
2021-02-07 15:13:15Z,The Metamorphosis,MJK16RRR2OH
2014-04-06 16:32:39Z,The Lord of The Rings,JLR04AMT4SR
2019-05-05 01:32:07Z,The Good Soldier,RIS45QSH4NG
2014-11-22 01:19:26Z,Gulliver's Travels,RMO23FNM8ZE
2021-11-25 10:20:16Z,The Odyssey,PDH21WYL3QN
2021-09-25 12:30:24Z,To Kill a Mockingbird,KLY23XPY8BA
2015-09-08 22:10:04Z,Robinson Crusoe,UPQ74SZR4GJ
2011-11-18 22:52:40Z,Lord of the Flies,OLT25NPY3UK
2012-08-31 03:39:50Z,The Divine Comedy,UPQ74SZR4GJ
2011-07-11 08:46:19Z,Emma,KLY23XPY8BA
2019-07-30 22:39:23Z,The Great Gatsby,RMO23FNM8ZE
2015-05-15 07:55:24Z,The Lord of The Rings,ASJ80SPW6GW
2019-11-12 04:08:50Z,The Scarlet Letter,ASJ80SPW6GW
2019-05-14 20:28:43Z,Tristram Shandy,OLT25NPY3UK
2014-11-28 03:37:12Z,Lolita,ASJ80SPW6GW
2020-03-04 18:29:23Z,The Flowers of Evil,ZQX26APL1AT
2017-04-10 17:11:07Z, Oedipus at Colonus,PDH21WYL3QN
2015-11-07 07:45:01Z,Pride and Prejudice,RMO23FNM8ZE
2019-11-28 01:28:00Z,Tristram Shandy,XMC46BJB8RT
2010-07-03 00:48:35Z,Don Quixote,MCB21QLB4BY
2012-08-06 20:02:52Z,The Red and the Black,MCB21QLB4BY
2017-08-01 07:27:39Z,The Scarlet Letter,RMO23FNM8ZE
2017-09-26 19:32:38Z,The Old Man and the Sea,PKX71MDR7TX
2010-11-06 22:00:46Z,Ulysses,RIS45QSH4NG
2015-05-20 03:26:44Z,Paradise Lost,MCB21QLB4BY
2014-04-09 15:37:44Z,Lolita,ZQX26APL1AT
2020-02-08 22:52:14Z,The Good Soldier,OLT25NPY3UK
2018-07-18 16:17:12Z,One Thousand and One Nights,CFN06GBY7EB
2011-09-19 20:06:46Z,Robinson Crusoe,PKX71MDR7TX
2021-11-07 11:48:52Z,To the Lighthouse,QYO02IHJ4CT
2010-08-20 22:01:47Z,Lolita,MCB21QLB4BY
2010-11-21 10:17:13Z,The Handmaid's Tale,RMO23FNM8ZE
2021-05-10 16:41:55Z,Tristram Shandy,UPQ74SZR4GJ
2017-12-07 21:18:04Z,Tristram Shandy,XMC46BJB8RT
2014-06-27 15:47:18Z,The Lord of The Rings,KLY23XPY8BA
2016-12-09 00:38:22Z,Oedipus,KLY23XPY8BA
2020-04-24 19:43:20Z,Oedipus,UPQ74SZR4GJ
2020-03-20 21:04:29Z,In Search of Lost Time,OLT25NPY3UK
2013-02-08 09:04:36Z,Gone With the Wind,QYO02IHJ4CT
2015-04-01 03:09:21Z,The Flowers of Evil,UPQ74SZR4GJ
2010-06-02 04:43:26Z, Oedipus at Colonus,PDH21WYL3QN
2014-05-30 04:41:07Z,Moby Dick,XMC46BJB8RT
2010-06-03 18:53:30Z,Gargantua and Pantagruel,RIS45QSH4NG
2010-12-13 22:21:13Z,The Metamorphosis,KLY23XPY8BA
2018-07-04 20:48:32Z,Moby Dick,OLT25NPY3UK
2021-08-30 14:11:44Z,Emma,ASJ80SPW6GW
2014-11-29 20:17:37Z,Oedipus,QYO02IHJ4CT
2018-02-03 02:16:15Z,Robinson Crusoe,QYO02IHJ4CT
2017-12-30 05:56:17Z,In Search of Lost Time,JLR04AMT4SR
2015-07-09 11:32:49Z,The Sun Also Rises,RIS45QSH4NG
2015-09-01 18:55:43Z,Game of Thrones,CFN06GBY7EB
2011-12-26 08:11:14Z,Don Quixote,KLY23XPY8BA
2019-02-04 22:56:49Z,The Sound and the Fury,JLR04AMT4SR
2011-12-13 11:16:47Z,Alice Adventures in Wonderland,MJK16RRR2OH
2021-07-26 15:05:49Z,Pride and Prejudice,PKX71MDR7TX
2015-08-05 21:30:00Z,Ulysses,PKX71MDR7TX
2015-09-15 01:20:14Z,The Odyssey,MCB21QLB4BY
2017-03-26 21:32:32Z,The Good Soldier,XMC46BJB8RT
2013-08-29 21:02:07Z,Paradise Lost,RIS45QSH4NG
2018-02-04 06:06:27Z,Vanity Fair,XMC46BJB8RT
2021-06-19 04:44:41Z,The Handmaid's Tale,MJK16RRR2OH
2019-07-16 16:05:43Z,Paradise Lost,MCB21QLB4BY
2012-12-12 19:10:26Z,David Copperfield,ASJ80SPW6GW
2018-06-19 14:41:58Z,The Magic Mountain,OLT25NPY3UK
2012-10-07 21:42:13Z,Tess of the d'Urbervilles,ZQX26APL1AT
2010-06-12 14:57:10Z,Great Expectations,QYO02IHJ4CT
2012-02-07 18:02:35Z,Tess of the d'Urbervilles,MJK16RRR2OH
2013-02-11 06:38:38Z,Game of Thrones,KLY23XPY8BA
2020-09-16 19:48:53Z,Great Expectations,QYO02IHJ4CT
2015-06-22 16:35:24Z,Pride and Prejudice,RIS45QSH4NG
2022-06-10 13:06:12Z,Moby Dick,ASJ80SPW6GW
2022-01-31 11:31:49Z,The Handmaid's Tale,ZQX26APL1AT
2011-11-28 16:53:22Z,One Hundred Years of Solitude,OLT25NPY3UK
2015-03-06 18:34:33Z,Madame Bovary,MJK16RRR2OH
2014-11-16 22:03:53Z,Vanity Fair,JLR04AMT4SR
2014-09-28 03:48:50Z,Tristram Shandy,UPQ74SZR4GJ
2013-08-11 00:33:11Z,Great Expectations,QYO02IHJ4CT
2017-03-04 16:49:23Z,The Red and the Black,MCB21QLB4BY
2019-04-11 17:47:03Z,The Brothers Karamazov ,MCB21QLB4BY
2011-11-03 21:25:23Z,The Brothers Karamazov ,ZQX26APL1AT
2017-11-02 03:01:55Z,The Metamorphosis,MJK16RRR2OH
2010-06-26 11:11:47Z,The Odyssey,ASJ80SPW6GW
2020-06-26 15:40:22Z,Les Misérables,XMC46BJB8RT
2011-06-30 04:42:01Z,Invisible Man,JLR04AMT4SR
2018-09-16 22:10:39Z,The Flowers of Evil,XMC46BJB8RT
2017-09-10 04:58:55Z,Emma,PDH21WYL3QN
2015-08-28 16:25:51Z,The Sound and the Fury,RIS45QSH4NG
2011-09-12 00:37:33Z,Great Expectations,MCB21QLB4BY
2010-11-25 11:01:32Z, Oedipus at Colonus,PDH21WYL3QN
2011-04-01 02:25:43Z,Tess of the d'Urbervilles,CFN06GBY7EB
2021-10-15 04:23:26Z,Emma,CFN06GBY7EB
2018-03-19 22:21:10Z,The Grapes of Wrath,OLT25NPY3UK
2020-05-18 11:15:30Z,To the Lighthouse,ASJ80SPW6GW
2012-01-09 05:47:32Z,Lord of the Flies,QYO02IHJ4CT
2011-05-23 12:08:39Z,The Red and the Black,OLT25NPY3UK
2012-08-12 21:37:34Z,The Lord of The Rings,ZQX26APL1AT
2016-08-20 17:15:03Z,Wuthering Heights,ASJ80SPW6GW
2013-03-12 06:58:34Z,Anna Karenina,MJK16RRR2OH
2011-12-31 14:26:32Z,The Sun Also Rises,PKX71MDR7TX
2016-09-03 05:30:07Z,Gulliver's Travels,QYO02IHJ4CT
2020-06-15 06:51:30Z,Ulysses,OLT25NPY3UK
2015-03-13 01:43:31Z,The Old Man and the Sea,QYO02IHJ4CT
2018-12-18 07:45:30Z,One Hundred Years of Solitude,KLY23XPY8BA
2011-04-10 05:11:09Z,Anna Karenina,MJK16RRR2OH
2020-06-27 05:12:21Z,Game of Thrones,UPQ74SZR4GJ
2015-08-22 02:35:08Z,Robinson Crusoe,QYO02IHJ4CT
2021-10-02 09:30:38Z,The Odyssey,ZQX26APL1AT
2013-03-12 20:43:15Z,Invisible Man,UPQ74SZR4GJ
2012-07-22 13:26:28Z,Madame Bovary,XMC46BJB8RT
2020-01-13 20:55:02Z,One Thousand and One Nights,JLR04AMT4SR
2013-07-18 00:20:55Z,The Old Man and the Sea,OLT25NPY3UK
2017-06-07 01:29:25Z,Great Expectations,RIS45QSH4NG
2013-12-05 10:34:08Z,The Canterbury Tales,PDH21WYL3QN
2013-11-18 18:06:39Z,The Magic Mountain,XMC46BJB8RT
2012-08-22 11:55:12Z,The Grapes of Wrath,ZQX26APL1AT
2013-08-27 18:43:52Z,Emma,CFN06GBY7EB
