date,drinks,userid
2019-03-29 00:30:06Z,Strongbow,QYO02IHJ4CT
2021-01-03 07:07:00Z,Jack Daniels,QYO02IHJ4CT
2014-12-24 04:02:43Z,Bud Light,MJK16RRR2OH
2022-06-03 07:19:25Z,Grolsch,QYO02IHJ4CT
2010-08-12 08:25:35Z,Malibu,ZQX26APL1AT
2017-08-11 16:22:22Z,Heineken,OLT25NPY3UK
2022-04-18 17:33:51Z,Aquafina,UPQ74SZR4GJ
2022-02-04 18:21:07Z,Budweiser,PKX71MDR7TX
2016-10-07 00:04:30Z,Edelweiss,KLY23XPY8BA
2020-05-07 02:53:20Z,Coca Cola,OLT25NPY3UK
2012-06-11 16:21:28Z,Hennessy,KLY23XPY8BA
2014-10-21 13:54:17Z,Brahma,RIS45QSH4NG
2012-05-26 22:43:48Z,Jack Daniels,UPQ74SZR4GJ
2017-09-05 14:09:50Z,Aquafina,UPQ74SZR4GJ
2012-10-15 22:12:12Z,Aquafina,MCB21QLB4BY
2010-08-05 06:53:19Z,Smirnoff,RMO23FNM8ZE
2016-06-12 18:02:54Z,Juicy Juice,KLY23XPY8BA
2013-09-02 09:05:39Z,Jameson,ZQX26APL1AT
2014-11-17 20:04:21Z,Pepsi,XMC46BJB8RT
2017-03-20 06:15:33Z,Johnnie Walker,PKX71MDR7TX
2012-10-07 21:03:27Z,Yanjing,JLR04AMT4SR
2012-09-26 11:09:36Z,Heineken,UPQ74SZR4GJ
2011-04-27 15:34:18Z,Yanjing,RMO23FNM8ZE
2014-10-26 21:48:47Z,Bacardi,PKX71MDR7TX
2012-10-11 12:28:21Z,Tsingtao,QYO02IHJ4CT
2014-03-14 20:50:08Z,Prigat,RIS45QSH4NG
2019-07-01 00:20:38Z,Cappy,ZQX26APL1AT
2017-03-11 17:33:39Z,Bud Light,PDH21WYL3QN
2019-09-03 05:27:28Z,Skol,JLR04AMT4SR
2018-07-30 06:44:06Z,Bacardi,MJK16RRR2OH
2018-03-07 10:26:51Z,Frooti,KLY23XPY8BA
2018-04-26 10:40:57Z,Jack Daniels,PKX71MDR7TX
2013-11-16 15:00:18Z,Skol,RIS45QSH4NG
2010-12-09 08:54:31Z,Bacardi,MCB21QLB4BY
2017-11-09 08:08:58Z,Agua Vida,RMO23FNM8ZE
2021-11-11 01:58:54Z,Bud Light,OLT25NPY3UK
2010-08-11 03:43:26Z,Z Lager,RIS45QSH4NG
2014-02-05 13:27:10Z,Ciroc,JLR04AMT4SR
2011-09-10 01:35:42Z,Nestlé Waters,ASJ80SPW6GW
2011-10-21 05:08:03Z,Grolsch,JLR04AMT4SR
2014-04-26 08:13:24Z,Deep River Rock,ASJ80SPW6GW
2013-12-23 06:27:56Z,Nestlé Waters,KLY23XPY8BA
2017-06-23 10:45:08Z,Duvel Golden Ale,MJK16RRR2OH
2012-01-13 20:32:39Z,Ciroc,RIS45QSH4NG
2016-01-01 20:44:23Z,Highland Spring,OLT25NPY3UK
2017-03-19 17:24:26Z,Malibu,UPQ74SZR4GJ
2018-12-30 21:55:31Z,Tsingtao,MJK16RRR2OH
2018-03-29 21:19:22Z,Strongbow,OLT25NPY3UK
2010-06-09 02:29:38Z,Mumm,XMC46BJB8RT
2018-02-23 06:26:47Z,Granini,PDH21WYL3QN
2012-11-24 15:28:54Z,Duvel Golden Ale,ZQX26APL1AT
2015-08-10 14:48:48Z,Jameson,UPQ74SZR4GJ
2016-12-28 20:00:09Z,Malibu,RIS45QSH4NG
2018-06-05 12:13:38Z,Edelweiss,MJK16RRR2OH
2012-11-20 13:10:18Z,Ciroc,PKX71MDR7TX
2014-08-17 09:06:50Z,Jack Daniels,ZQX26APL1AT
2013-10-10 06:36:02Z,Highland Spring,QYO02IHJ4CT
2010-09-20 10:00:36Z,Deep River Rock,QYO02IHJ4CT
2010-11-11 02:30:51Z,Malibu,JLR04AMT4SR
2011-10-17 02:19:48Z,Guinness,MJK16RRR2OH
2011-09-27 01:46:31Z,Heineken,MJK16RRR2OH
2017-12-29 11:10:47Z,Corona,CFN06GBY7EB
2010-11-06 11:57:51Z,Budweiser,ZQX26APL1AT
2013-04-30 06:57:33Z,Cappy,ASJ80SPW6GW
2013-02-07 12:36:34Z,Budweiser,MJK16RRR2OH
2011-09-02 01:17:29Z,Juicy Juice,ASJ80SPW6GW
2013-06-13 01:16:56Z,Bud Light,XMC46BJB8RT
2013-02-05 11:05:50Z,Absolut,XMC46BJB8RT
2016-07-24 06:11:02Z,Blue Moon,MCB21QLB4BY
2016-11-15 02:37:37Z,Corona,MCB21QLB4BY
2020-07-18 03:45:01Z,Z Lager,MJK16RRR2OH
2017-05-28 10:11:16Z,Orange Bird,PKX71MDR7TX
2017-03-03 04:39:46Z,Evian,JLR04AMT4SR
2022-03-25 05:00:02Z,Juicy Juice,PDH21WYL3QN
2019-03-15 04:06:35Z,Prigat,XMC46BJB8RT
2021-11-20 07:33:32Z,Tanqueray,ZQX26APL1AT
2022-04-04 09:39:54Z,Martell,RMO23FNM8ZE
2011-11-13 06:14:18Z,Yanjing,UPQ74SZR4GJ
2019-10-29 07:47:45Z,Granini,OLT25NPY3UK
2014-01-02 13:23:42Z,Pepsi,QYO02IHJ4CT
2014-04-01 02:35:36Z,SunnyD,CFN06GBY7EB
2018-04-23 00:10:44Z,Tanqueray,UPQ74SZR4GJ
2013-05-14 19:38:34Z,Stella Artois,RIS45QSH4NG
2011-12-08 12:43:36Z,Hennessy,JLR04AMT4SR
2018-11-07 22:41:45Z,Budweiser,OLT25NPY3UK
2015-06-17 08:20:11Z,Smirnoff,MJK16RRR2OH
2014-08-28 21:50:29Z,Grolsch,ASJ80SPW6GW
2020-12-13 19:02:05Z,Jameson,ZQX26APL1AT
2011-08-19 02:29:35Z,Juicy Juice,RIS45QSH4NG
2021-05-29 15:12:38Z,Prigat,UPQ74SZR4GJ
2019-07-12 19:45:30Z,Strongbow,CFN06GBY7EB
2014-08-22 09:48:23Z,Skol,CFN06GBY7EB
2013-09-08 15:58:45Z,Strongbow,UPQ74SZR4GJ
2014-02-19 00:08:11Z,Budweiser,MCB21QLB4BY
2013-11-23 11:38:06Z,Stella Artois,ASJ80SPW6GW
2017-08-25 10:06:45Z,Kool-Aid,RMO23FNM8ZE
2019-06-26 03:40:53Z,Budweiser,XMC46BJB8RT
2016-05-27 03:20:09Z,Blue Moon,KLY23XPY8BA
2016-02-13 00:38:39Z,Yanjing,ZQX26APL1AT
2015-08-05 02:43:14Z,Tanqueray,PKX71MDR7TX
2021-04-01 12:01:24Z,Smirnoff,RIS45QSH4NG
2013-07-28 04:39:24Z,Brahma,MJK16RRR2OH
2021-01-21 06:02:04Z,Johnnie Walker,RIS45QSH4NG
2011-09-19 22:05:31Z,SunnyD,RIS45QSH4NG
2012-03-01 15:57:09Z,Moutai,RIS45QSH4NG
2013-08-25 19:58:51Z,Johnnie Walker,RIS45QSH4NG
2016-05-13 16:51:03Z,Skol,OLT25NPY3UK
2013-02-04 03:16:53Z,Absolut,JLR04AMT4SR
2014-01-13 11:54:23Z,Evolution Fresh,JLR04AMT4SR
2012-08-10 22:34:58Z,Ciroc,JLR04AMT4SR
2015-11-09 00:11:22Z,Mumm,XMC46BJB8RT
2013-02-20 12:50:38Z,Keystone Light,RIS45QSH4NG
2015-07-17 04:46:43Z,Yanjing,MJK16RRR2OH
2012-03-21 09:58:38Z,Coca Cola,MJK16RRR2OH
2022-02-02 16:10:33Z,Mumm,ASJ80SPW6GW
2018-03-05 17:33:00Z,Corona,RMO23FNM8ZE
2014-01-06 05:00:43Z,Budweiser,ASJ80SPW6GW
2016-02-19 12:28:29Z,Heineken,MCB21QLB4BY
2018-07-11 06:36:11Z,Mumm,UPQ74SZR4GJ
2011-08-17 16:10:08Z,Juicy Juice,CFN06GBY7EB
2019-07-25 22:55:31Z,Martell,PDH21WYL3QN
2019-06-02 19:37:48Z,Agua Vida,PKX71MDR7TX
2016-03-17 22:50:04Z,Skol,XMC46BJB8RT
2012-07-06 04:03:30Z,Cappy,KLY23XPY8BA
2017-11-05 21:28:26Z,Moutai,UPQ74SZR4GJ
2018-09-29 02:58:01Z,Coca Cola,RMO23FNM8ZE
2021-09-21 12:25:00Z,Bud Light,MJK16RRR2OH
2014-03-30 07:27:33Z,Frooti,MJK16RRR2OH
2018-01-03 20:39:34Z,Tanqueray,PKX71MDR7TX
2018-10-27 09:31:44Z,Chivas Regal,KLY23XPY8BA
2021-05-06 14:39:21Z,Grolsch,QYO02IHJ4CT
2020-04-24 11:28:45Z,Frooti,MCB21QLB4BY
2018-05-07 19:35:21Z,Absolut,OLT25NPY3UK
2021-07-09 12:49:15Z,Stella Artois,RIS45QSH4NG
2020-10-04 16:29:02Z,Evolution Fresh,PDH21WYL3QN
2019-01-11 06:52:43Z,Deep River Rock,RMO23FNM8ZE
2013-08-18 12:13:38Z,Mumm,QYO02IHJ4CT
2013-12-31 20:03:36Z,Smirnoff,ASJ80SPW6GW
2020-04-25 19:41:05Z,Malibu,MCB21QLB4BY
2019-09-16 06:17:36Z,Cappy,KLY23XPY8BA
2012-03-11 13:16:38Z,Jameson,PDH21WYL3QN
2012-07-14 03:36:12Z,Johnnie Walker,MJK16RRR2OH
2016-12-30 13:43:40Z,Hennessy,JLR04AMT4SR
2011-09-12 14:56:47Z,Bacardi,MCB21QLB4BY
2010-09-28 11:13:15Z,Prigat,PKX71MDR7TX
2010-08-29 00:24:13Z,Grolsch,CFN06GBY7EB
2015-06-20 22:16:56Z,Duvel Golden Ale,ASJ80SPW6GW
2018-09-25 06:33:08Z,Chivas Regal,RMO23FNM8ZE
2012-05-02 06:50:55Z,Coca Cola,RMO23FNM8ZE
2013-02-01 02:00:51Z,Tanqueray,PDH21WYL3QN
2012-01-17 07:28:54Z,Moutai,PDH21WYL3QN
2018-05-08 08:01:21Z,Tsingtao,KLY23XPY8BA
2012-02-17 16:22:48Z,Yanjing,RIS45QSH4NG
2017-04-12 07:46:44Z,Nestlé Waters,RMO23FNM8ZE
2020-06-26 01:47:25Z,Nestlé Waters,ASJ80SPW6GW
2019-06-28 14:16:47Z,Deep River Rock,PKX71MDR7TX
2021-06-29 00:31:30Z,Yanjing,PDH21WYL3QN
2011-04-20 11:21:10Z,Edelweiss,ZQX26APL1AT
2014-07-12 05:11:38Z,Budweiser,CFN06GBY7EB
2015-09-12 20:01:40Z,Guinness,PDH21WYL3QN
2021-05-16 07:14:20Z,Aquafina,JLR04AMT4SR
2011-03-28 12:02:24Z,Juicy Juice,ASJ80SPW6GW
2010-08-14 01:12:17Z,Corona,OLT25NPY3UK
2011-11-03 04:51:34Z,Martell,XMC46BJB8RT
2011-05-15 22:35:28Z,Martell,ASJ80SPW6GW
2017-06-30 19:08:11Z,Orange Bird,QYO02IHJ4CT
2020-11-13 14:34:54Z,Evolution Fresh,ZQX26APL1AT
2017-09-09 17:10:38Z,Martell,UPQ74SZR4GJ
2016-10-26 10:55:10Z,Yanjing,PKX71MDR7TX
2013-09-15 00:53:05Z,Stella Artois,RMO23FNM8ZE
2013-07-12 00:25:30Z,Malibu,MJK16RRR2OH
2021-11-22 16:45:10Z,Prigat,PDH21WYL3QN
2012-11-09 09:50:19Z,Evolution Fresh,JLR04AMT4SR
2015-02-28 11:17:08Z,Absolut,UPQ74SZR4GJ
2014-08-08 22:13:23Z,Z Lager,OLT25NPY3UK
2018-02-15 00:25:13Z,Agua Vida,CFN06GBY7EB
2017-02-26 22:03:05Z,Bud Light,KLY23XPY8BA
2020-08-30 04:04:06Z,Hennessy,KLY23XPY8BA
2021-02-24 00:00:21Z,Absolut,QYO02IHJ4CT
2012-01-21 13:36:01Z,Aquafina,JLR04AMT4SR
2019-12-16 16:44:06Z,Moutai,MJK16RRR2OH
2013-08-09 18:01:51Z,Martell,ZQX26APL1AT
2021-10-10 06:32:15Z,Keystone Light,OLT25NPY3UK
2013-04-06 07:44:29Z,Prigat,JLR04AMT4SR
2012-11-24 09:11:55Z,Deep River Rock,ASJ80SPW6GW
2014-08-06 22:50:25Z,Jameson,XMC46BJB8RT
2011-01-01 08:23:21Z,Stella Artois,KLY23XPY8BA
2020-06-14 04:55:18Z,Mumm,UPQ74SZR4GJ
2011-01-31 03:12:55Z,Edelweiss,PDH21WYL3QN
2017-09-29 10:43:37Z,Brahma,ZQX26APL1AT
2020-02-06 19:06:43Z,Z Lager,RIS45QSH4NG
2015-01-06 12:47:02Z,Skol,JLR04AMT4SR
2013-10-22 21:35:20Z,Stella Artois,XMC46BJB8RT
2017-01-29 20:10:09Z,Guinness,OLT25NPY3UK
2010-09-14 08:26:55Z,Yanjing,QYO02IHJ4CT
2011-01-06 04:14:40Z,Frooti,JLR04AMT4SR
2021-02-21 05:13:40Z,Tanqueray,ASJ80SPW6GW
2013-01-25 06:39:41Z,Keystone Light,MCB21QLB4BY
2013-12-20 09:53:52Z,Edelweiss,OLT25NPY3UK
2011-12-03 12:50:48Z,Tanqueray,OLT25NPY3UK
2019-03-25 06:34:43Z,Tanqueray,RMO23FNM8ZE
2015-05-31 08:10:28Z,Icehouse,JLR04AMT4SR
2012-07-23 06:07:33Z,Nestlé Waters,MCB21QLB4BY
2010-11-17 16:54:38Z,Guinness,JLR04AMT4SR
2013-10-24 04:27:24Z,Icehouse,PDH21WYL3QN
2017-12-14 11:32:39Z,Stella Artois,RIS45QSH4NG
2016-06-01 08:24:57Z,Keystone Light,RMO23FNM8ZE
2017-10-18 15:29:57Z,Prigat,UPQ74SZR4GJ
2020-06-30 02:11:05Z,Mumm,OLT25NPY3UK
2022-06-16 06:19:21Z,Yanjing,RIS45QSH4NG
2015-07-26 14:12:55Z,Skol,PKX71MDR7TX
2016-10-22 18:09:07Z,Orange Bird,JLR04AMT4SR
2021-08-18 19:30:22Z,Stella Artois,CFN06GBY7EB
2020-05-18 20:09:49Z,Agua Vida,XMC46BJB8RT
2014-12-31 04:55:20Z,Deep River Rock,PDH21WYL3QN
2012-08-31 00:21:51Z,Icehouse,RIS45QSH4NG
2014-10-11 03:10:25Z,Bacardi,OLT25NPY3UK
2020-10-24 03:28:31Z,Hennessy,PDH21WYL3QN
2020-02-24 11:21:51Z,Chivas Regal,JLR04AMT4SR
2010-06-02 13:47:58Z,Keystone Light,RMO23FNM8ZE
2011-10-21 02:29:26Z,SunnyD,PKX71MDR7TX
2013-02-25 15:50:51Z,Yanjing,ASJ80SPW6GW
2016-08-22 09:17:31Z,Keystone Light,ASJ80SPW6GW
2019-10-23 15:05:40Z,Yanjing,MJK16RRR2OH
2018-08-26 09:36:36Z,Stella Artois,PKX71MDR7TX
2021-01-28 19:03:58Z,Deep River Rock,UPQ74SZR4GJ
2017-09-11 04:22:08Z,Tsingtao,PKX71MDR7TX
2013-08-09 14:43:33Z,Frooti,QYO02IHJ4CT
2012-06-28 06:35:17Z,Bacardi,RIS45QSH4NG
2014-12-05 04:49:08Z,Highland Spring,UPQ74SZR4GJ
2014-08-09 11:07:43Z,Pepsi,RIS45QSH4NG
2018-12-31 10:51:19Z,Absolut,JLR04AMT4SR
2015-02-15 14:51:47Z,Guaranito,RIS45QSH4NG
2014-03-21 01:09:02Z,Frooti,PDH21WYL3QN
2011-12-20 21:30:13Z,Deep River Rock,RIS45QSH4NG
2015-03-18 18:19:55Z,Keystone Light,MJK16RRR2OH
2018-08-27 00:53:23Z,Tanqueray,UPQ74SZR4GJ
2011-09-25 01:37:05Z,Moutai,OLT25NPY3UK
2019-12-23 17:23:34Z,Deep River Rock,KLY23XPY8BA
2017-01-02 09:47:39Z,Chivas Regal,MCB21QLB4BY
2014-04-16 01:46:40Z,Coca Cola,PKX71MDR7TX
2015-08-20 22:53:39Z,Z Lager,JLR04AMT4SR
2021-06-23 03:55:35Z,Prigat,UPQ74SZR4GJ
2015-01-21 16:27:05Z,Nestlé Waters,MCB21QLB4BY
2013-05-02 09:03:15Z,Johnnie Walker,XMC46BJB8RT
2014-09-08 11:55:09Z,Nestlé Waters,QYO02IHJ4CT
2022-04-15 22:39:32Z,Granini,CFN06GBY7EB
2018-02-13 05:13:55Z,Prigat,JLR04AMT4SR
2012-02-03 03:56:26Z,SunnyD,XMC46BJB8RT
2018-03-18 19:47:17Z,Bacardi,RMO23FNM8ZE
2020-06-18 21:41:07Z,Ciroc,MJK16RRR2OH
2021-04-22 22:30:00Z,Stella Artois,OLT25NPY3UK
2021-07-17 00:44:08Z,Johnnie Walker,MJK16RRR2OH
2021-07-09 11:22:10Z,Z Lager,QYO02IHJ4CT
2012-05-24 11:31:48Z,Grolsch,JLR04AMT4SR
2011-04-11 10:36:24Z,Blue Moon,MJK16RRR2OH
2016-09-16 16:37:27Z,Bacardi,CFN06GBY7EB
2010-12-10 06:31:25Z,Jameson,JLR04AMT4SR
2018-05-08 16:12:49Z,Strongbow,UPQ74SZR4GJ
2011-09-05 09:48:46Z,Duvel Golden Ale,UPQ74SZR4GJ
2012-05-15 10:37:37Z,Nestlé Waters,PDH21WYL3QN
2014-07-29 09:52:44Z,Deep River Rock,QYO02IHJ4CT
2015-10-28 08:05:58Z,Corona,ZQX26APL1AT
2013-02-05 09:16:26Z,Icehouse,ZQX26APL1AT
2017-12-14 22:56:39Z,Smirnoff,XMC46BJB8RT
2015-12-10 06:40:27Z,Prigat,MCB21QLB4BY
2018-03-28 14:49:28Z,Aquafina,MJK16RRR2OH
2011-04-26 01:58:55Z,Strongbow,XMC46BJB8RT
2018-01-07 09:46:21Z,Deep River Rock,KLY23XPY8BA
2013-12-23 13:12:15Z,Ciroc,CFN06GBY7EB
2018-12-24 03:21:09Z,Kool-Aid,CFN06GBY7EB
2012-11-18 11:56:38Z,Deep River Rock,PKX71MDR7TX
2011-03-15 16:24:27Z,Granini,MCB21QLB4BY
2020-03-19 12:36:07Z,Jameson,CFN06GBY7EB
2012-04-02 09:19:05Z,Smirnoff,CFN06GBY7EB
2012-12-24 04:35:35Z,Bacardi,MCB21QLB4BY
2020-09-12 01:25:19Z,Corona,ASJ80SPW6GW
2016-07-05 06:39:09Z,Z Lager,RIS45QSH4NG
2017-07-05 02:20:52Z,Prigat,UPQ74SZR4GJ
2021-04-24 22:18:55Z,Yanjing,UPQ74SZR4GJ
2019-09-11 22:05:44Z,Smirnoff,MCB21QLB4BY
2014-03-08 18:15:10Z,Orange Bird,MJK16RRR2OH
2010-10-02 20:21:55Z,Hennessy,ASJ80SPW6GW
2010-06-09 06:05:52Z,Agua Vida,ASJ80SPW6GW
2016-12-30 19:27:27Z,Agua Vida,UPQ74SZR4GJ
2010-12-22 01:26:48Z,Orange Bird,OLT25NPY3UK
2013-02-08 19:38:20Z,Duvel Golden Ale,MJK16RRR2OH
2020-12-04 22:39:20Z,Edelweiss,JLR04AMT4SR
2018-10-10 22:29:03Z,Guaranito,PKX71MDR7TX
2018-11-13 17:23:39Z,Prigat,MJK16RRR2OH
2017-08-29 20:25:02Z,Tanqueray,RIS45QSH4NG
2021-06-30 12:36:49Z,Duvel Golden Ale,PKX71MDR7TX
2013-08-02 08:26:05Z,Aquafina,PDH21WYL3QN
2012-06-14 05:00:01Z,Evian,PKX71MDR7TX
2010-09-22 14:44:37Z,Hennessy,UPQ74SZR4GJ
2017-01-04 08:23:49Z,Hennessy,UPQ74SZR4GJ
2014-01-24 14:45:31Z,Tsingtao,PDH21WYL3QN
2014-05-30 09:36:38Z,Juicy Juice,RIS45QSH4NG
2014-08-14 08:48:24Z,Smirnoff,OLT25NPY3UK
2014-05-13 12:24:11Z,Frooti,ASJ80SPW6GW
2016-01-07 16:22:19Z,Yanjing,UPQ74SZR4GJ
2022-01-17 03:47:48Z,Evolution Fresh,RMO23FNM8ZE
2017-04-17 03:45:36Z,Guaranito,UPQ74SZR4GJ
2017-10-22 13:53:35Z,Mumm,OLT25NPY3UK
2019-04-27 14:21:00Z,Smirnoff,KLY23XPY8BA
2018-06-08 18:20:37Z,Guinness,PKX71MDR7TX
2022-06-14 21:11:22Z,Brahma,UPQ74SZR4GJ
2017-04-22 06:25:16Z,Jameson,ZQX26APL1AT
2012-10-01 14:46:28Z,Coca Cola,JLR04AMT4SR
2013-01-07 13:11:45Z,Grolsch,QYO02IHJ4CT
2019-03-30 14:47:38Z,Keystone Light,KLY23XPY8BA
2020-07-12 08:21:20Z,Highland Spring,CFN06GBY7EB
2012-04-11 18:10:55Z,Martell,MJK16RRR2OH
2018-02-04 21:23:51Z,Deep River Rock,QYO02IHJ4CT
2014-07-25 03:37:04Z,Strongbow,MCB21QLB4BY
2011-09-22 19:52:33Z,Moutai,CFN06GBY7EB
2011-05-10 14:33:14Z,Evolution Fresh,PDH21WYL3QN
2014-10-20 02:32:38Z,Agua Vida,KLY23XPY8BA
2012-12-06 20:05:40Z,Chivas Regal,CFN06GBY7EB
2015-04-09 10:49:19Z,Malibu,PKX71MDR7TX
2013-10-22 04:19:42Z,Pepsi,PDH21WYL3QN
2017-04-16 22:43:17Z,Icehouse,RMO23FNM8ZE
2022-06-15 11:47:33Z,Jameson,CFN06GBY7EB
2016-12-25 05:54:46Z,Cappy,XMC46BJB8RT
2016-08-19 08:43:56Z,SunnyD,KLY23XPY8BA
2015-10-25 01:55:42Z,Jack Daniels,ZQX26APL1AT
2018-03-26 22:32:45Z,Tsingtao,RIS45QSH4NG
2021-01-23 06:50:12Z,Highland Spring,MJK16RRR2OH
2014-10-20 09:14:02Z,Agua Vida,CFN06GBY7EB
2019-03-14 02:30:10Z,Bud Light,ZQX26APL1AT
2012-08-18 12:03:31Z,Prigat,ZQX26APL1AT
2021-03-19 10:21:50Z,Highland Spring,XMC46BJB8RT
2016-05-14 01:00:20Z,Absolut,MJK16RRR2OH
2010-06-20 21:02:04Z,Guaranito,UPQ74SZR4GJ
2013-07-26 08:42:11Z,Skol,PKX71MDR7TX
2011-11-26 03:40:02Z,Ciroc,ZQX26APL1AT
2014-09-18 13:45:52Z,Moutai,ZQX26APL1AT
2011-10-09 21:01:28Z,Highland Spring,UPQ74SZR4GJ
2015-07-02 21:58:36Z,Orange Bird,PDH21WYL3QN
2014-02-21 08:52:04Z,Agua Vida,KLY23XPY8BA
2020-02-17 01:25:32Z,Mumm,PDH21WYL3QN
2020-05-06 18:50:05Z,Martell,OLT25NPY3UK
2019-07-27 17:18:43Z,Budweiser,CFN06GBY7EB
2021-08-11 06:06:34Z,SunnyD,RMO23FNM8ZE
2011-04-18 20:33:28Z,Hennessy,PKX71MDR7TX
2014-07-12 08:06:06Z,Ciroc,PKX71MDR7TX
2019-05-12 05:35:08Z,Kool-Aid,PKX71MDR7TX
2014-02-06 03:13:19Z,Duvel Golden Ale,XMC46BJB8RT
2013-12-25 01:55:18Z,Bud Light,PDH21WYL3QN
2018-03-25 13:15:22Z,Martell,CFN06GBY7EB
2010-09-09 06:18:13Z,Bud Light,RIS45QSH4NG
2021-05-31 11:55:20Z,Hennessy,JLR04AMT4SR
2015-12-25 16:44:57Z,Skol,ASJ80SPW6GW
2016-09-05 03:10:24Z,Duvel Golden Ale,XMC46BJB8RT
2019-12-18 01:45:38Z,Mumm,UPQ74SZR4GJ
2010-06-25 22:14:38Z,Mumm,QYO02IHJ4CT
2019-04-11 02:43:55Z,Stella Artois,ASJ80SPW6GW
2016-02-18 21:22:17Z,Granini,ASJ80SPW6GW
2020-04-11 04:52:07Z,Frooti,KLY23XPY8BA
2017-06-27 07:56:52Z,Kool-Aid,OLT25NPY3UK
2016-03-26 09:49:26Z,Chivas Regal,ZQX26APL1AT
2021-12-17 11:38:39Z,Bud Light,RIS45QSH4NG
2021-11-21 05:17:46Z,Tsingtao,QYO02IHJ4CT
2014-10-10 22:47:51Z,Jack Daniels,MJK16RRR2OH
2017-06-30 18:51:00Z,Stella Artois,MCB21QLB4BY
2017-08-17 04:38:10Z,Absolut,XMC46BJB8RT
2018-10-11 22:21:19Z,Deep River Rock,KLY23XPY8BA
2014-01-20 05:16:33Z,Evolution Fresh,CFN06GBY7EB
2022-04-01 06:41:27Z,Coca Cola,ZQX26APL1AT
2017-05-30 20:05:37Z,Stella Artois,ZQX26APL1AT
2017-10-02 11:05:55Z,Keystone Light,MCB21QLB4BY
2018-10-30 12:49:19Z,Moutai,XMC46BJB8RT
2019-09-30 19:28:41Z,Ciroc,MCB21QLB4BY
2021-11-24 20:56:41Z,Heineken,ZQX26APL1AT
2011-09-04 15:13:42Z,Absolut,JLR04AMT4SR
2014-03-05 01:23:32Z,Nestlé Waters,OLT25NPY3UK
2018-11-01 01:00:03Z,Chivas Regal,UPQ74SZR4GJ
2012-09-19 20:24:35Z,Chivas Regal,JLR04AMT4SR
2019-04-24 09:56:47Z,Chivas Regal,PDH21WYL3QN
2012-02-19 18:00:19Z,Jameson,OLT25NPY3UK
2018-11-16 21:23:26Z,Juicy Juice,RMO23FNM8ZE
2021-06-21 06:21:57Z,Granini,ASJ80SPW6GW
2017-12-07 03:16:47Z,Deep River Rock,XMC46BJB8RT
2018-10-03 18:25:19Z,Jack Daniels,ASJ80SPW6GW
2010-12-06 10:21:19Z,Coca Cola,ZQX26APL1AT
2018-08-07 16:25:21Z,Bud Light,QYO02IHJ4CT
2016-09-10 01:03:03Z,Bud Light,UPQ74SZR4GJ
2019-08-07 15:32:02Z,Coca Cola,PKX71MDR7TX
2021-07-15 12:25:10Z,Brahma,MCB21QLB4BY
2017-04-08 03:09:43Z,Johnnie Walker,XMC46BJB8RT
2014-04-09 08:39:23Z,Coca Cola,JLR04AMT4SR
2013-04-19 13:04:00Z,Evian,PDH21WYL3QN
2012-07-28 19:00:09Z,Guinness,MJK16RRR2OH
2017-03-01 02:12:57Z,Kool-Aid,UPQ74SZR4GJ
2010-07-02 06:22:52Z,Blue Moon,RMO23FNM8ZE
2016-05-20 00:10:33Z,Aquafina,CFN06GBY7EB
2016-10-06 13:41:40Z,Jameson,QYO02IHJ4CT
2012-04-21 09:39:35Z,Highland Spring,RIS45QSH4NG
2012-09-01 14:32:42Z,Edelweiss,CFN06GBY7EB
2011-06-06 12:16:16Z,Heineken,CFN06GBY7EB
2015-12-03 21:10:24Z,Johnnie Walker,RIS45QSH4NG
2011-01-29 22:45:21Z,Absolut,OLT25NPY3UK
2013-01-06 09:29:08Z,Malibu,UPQ74SZR4GJ
2017-07-31 03:19:38Z,Brahma,RIS45QSH4NG
2012-06-10 10:36:22Z,Ciroc,MJK16RRR2OH
2015-03-07 16:39:37Z,Duvel Golden Ale,UPQ74SZR4GJ
2021-11-16 16:52:22Z,Granini,CFN06GBY7EB
2017-07-22 09:16:00Z,Coca Cola,PDH21WYL3QN
2012-07-10 14:17:37Z,Chivas Regal,OLT25NPY3UK
2019-12-17 02:23:53Z,Johnnie Walker,RMO23FNM8ZE
2021-10-27 05:37:32Z,Blue Moon,KLY23XPY8BA
2010-07-18 07:47:17Z,Edelweiss,JLR04AMT4SR
2014-06-14 07:08:25Z,Juicy Juice,CFN06GBY7EB
2016-03-05 11:07:42Z,Hennessy,UPQ74SZR4GJ
2012-09-29 19:18:11Z,Corona,QYO02IHJ4CT
2017-02-08 03:58:00Z,Evian,KLY23XPY8BA
2013-11-12 07:44:56Z,Smirnoff,QYO02IHJ4CT
2019-03-12 02:20:20Z,Granini,QYO02IHJ4CT
2013-10-15 13:58:43Z,Stella Artois,MCB21QLB4BY
2020-10-20 10:51:36Z,Guinness,RIS45QSH4NG
2013-12-03 22:40:40Z,Frooti,PDH21WYL3QN
2011-07-07 20:25:57Z,Frooti,UPQ74SZR4GJ
2020-10-20 07:47:56Z,Smirnoff,PDH21WYL3QN
2010-08-22 12:11:25Z,Prigat,KLY23XPY8BA
2014-12-09 03:46:18Z,Duvel Golden Ale,RMO23FNM8ZE
2017-08-14 19:33:05Z,Tanqueray,XMC46BJB8RT
2011-07-12 06:21:06Z,Pepsi,MJK16RRR2OH
2014-02-05 14:04:28Z,Agua Vida,XMC46BJB8RT
2020-04-06 15:21:51Z,Mumm,CFN06GBY7EB
2021-12-17 18:01:44Z,Orange Bird,PKX71MDR7TX
2014-02-24 06:25:19Z,Nestlé Waters,JLR04AMT4SR
2012-02-09 04:21:44Z,Guinness,KLY23XPY8BA
2013-02-22 07:20:16Z,Chivas Regal,ASJ80SPW6GW
2017-05-29 21:41:54Z,Bacardi,QYO02IHJ4CT
2015-01-22 11:42:31Z,Frooti,XMC46BJB8RT
2018-12-06 17:53:45Z,Absolut,MJK16RRR2OH
2020-02-09 19:48:58Z,Grolsch,MJK16RRR2OH
2020-05-03 19:02:34Z,Agua Vida,OLT25NPY3UK
2011-09-08 06:18:35Z,Johnnie Walker,RMO23FNM8ZE
2016-03-18 07:05:29Z,Absolut,MCB21QLB4BY
2010-07-02 02:06:03Z,Tanqueray,JLR04AMT4SR
2020-05-17 12:52:50Z,Malibu,QYO02IHJ4CT
2014-10-11 06:35:46Z,Deep River Rock,OLT25NPY3UK
2015-02-27 11:20:51Z,Mumm,OLT25NPY3UK
2019-03-18 20:06:00Z,Corona,ZQX26APL1AT
2011-11-09 04:06:50Z,Smirnoff,RIS45QSH4NG
2015-01-14 15:24:47Z,Absolut,OLT25NPY3UK
2018-12-08 16:45:16Z,Corona,UPQ74SZR4GJ
2013-08-24 21:10:45Z,Mumm,MJK16RRR2OH
2020-03-12 15:30:30Z,Prigat,QYO02IHJ4CT
2022-02-23 22:12:55Z,Budweiser,PDH21WYL3QN
2011-07-28 22:05:28Z,Highland Spring,RIS45QSH4NG
2018-04-04 10:02:51Z,Skol,ASJ80SPW6GW
2018-08-17 20:46:48Z,Chivas Regal,PDH21WYL3QN
2018-07-23 17:04:18Z,Prigat,JLR04AMT4SR
2019-10-04 16:20:27Z,Moutai,MJK16RRR2OH
2015-11-12 14:34:34Z,Juicy Juice,CFN06GBY7EB
2015-05-27 10:27:33Z,Aquafina,ZQX26APL1AT
2019-02-18 14:16:40Z,Agua Vida,PKX71MDR7TX
2020-05-26 21:17:19Z,SunnyD,PDH21WYL3QN
2021-07-31 20:41:09Z,Icehouse,ASJ80SPW6GW
2013-03-09 20:53:38Z,Frooti,QYO02IHJ4CT
2014-10-03 14:37:42Z,Ciroc,JLR04AMT4SR
2022-06-18 19:27:50Z,Juicy Juice,ZQX26APL1AT
2013-01-18 09:13:55Z,Z Lager,UPQ74SZR4GJ
2011-02-13 10:22:23Z,Frooti,JLR04AMT4SR
2020-09-30 10:00:36Z,SunnyD,RMO23FNM8ZE
2017-05-22 21:25:57Z,Cappy,JLR04AMT4SR
2016-08-10 12:48:06Z,Jameson,MJK16RRR2OH
2011-06-15 22:33:32Z,Agua Vida,RIS45QSH4NG
2022-04-01 10:25:18Z,Z Lager,UPQ74SZR4GJ
2016-07-29 14:45:29Z,Mumm,UPQ74SZR4GJ
2019-08-26 12:30:11Z,Icehouse,ZQX26APL1AT
2021-07-17 14:00:51Z,Mumm,UPQ74SZR4GJ
2011-02-09 09:28:04Z,Jameson,PDH21WYL3QN
2018-05-31 13:06:25Z,Corona,QYO02IHJ4CT
2011-03-30 20:48:27Z,Frooti,JLR04AMT4SR
2015-03-22 22:41:57Z,Evian,MCB21QLB4BY
2021-08-20 03:55:24Z,Juicy Juice,PDH21WYL3QN
2022-05-12 00:37:29Z,Highland Spring,ZQX26APL1AT
2015-12-24 22:40:58Z,Aquafina,ASJ80SPW6GW
2017-05-04 22:21:47Z,Absolut,ZQX26APL1AT
2021-06-12 12:20:55Z,Frooti,JLR04AMT4SR
2020-10-24 16:02:42Z,Hennessy,RMO23FNM8ZE
2021-07-19 21:02:32Z,Guaranito,JLR04AMT4SR
2021-01-26 10:03:03Z,Jameson,CFN06GBY7EB
2017-12-02 22:36:49Z,Orange Bird,UPQ74SZR4GJ
2011-07-09 05:48:36Z,Agua Vida,KLY23XPY8BA
2015-08-01 14:52:58Z,Granini,OLT25NPY3UK
2015-03-31 19:58:55Z,Evolution Fresh,PKX71MDR7TX
2013-11-29 00:54:17Z,Johnnie Walker,QYO02IHJ4CT
2016-11-08 21:07:21Z,Absolut,XMC46BJB8RT
2011-08-16 20:17:17Z,Strongbow,JLR04AMT4SR
2021-10-31 21:29:50Z,Grolsch,UPQ74SZR4GJ
2018-02-23 20:25:47Z,Moutai,MCB21QLB4BY
2013-11-05 00:02:07Z,Budweiser,KLY23XPY8BA
2011-01-06 11:07:53Z,Budweiser,MCB21QLB4BY
2017-11-26 01:18:10Z,Corona,CFN06GBY7EB
2012-04-07 02:27:37Z,Malibu,ZQX26APL1AT
2016-09-23 07:34:37Z,Frooti,ASJ80SPW6GW
