date,title,userid
2016-05-08 15:05:43Z,Inside Out,RMO23FNM8ZE
2020-07-24 06:07:07Z,The Ring,CFN06GBY7EB
2018-02-21 00:15:32Z,Snatch,OLT25NPY3UK
2021-08-06 10:02:40Z,Iron Man ,RIS45QSH4NG
2018-01-11 00:07:39Z,Blood Diamond,UPQ74SZR4GJ
2010-09-11 12:52:20Z,Batman Begins,MCB21QLB4BY
2011-04-08 00:03:19Z,Octav,QYO02IHJ4CT
2018-03-26 09:02:10Z,Shutter Island,ASJ80SPW6GW
2019-04-27 14:00:24Z,Limitless,KLY23XPY8BA
2021-01-21 04:15:28Z,Titanic,PKX71MDR7TX
2017-03-28 07:04:16Z,Batman Begins,KLY23XPY8BA
2015-12-05 12:25:02Z,Chocolat,RIS45QSH4NG
2013-12-16 08:45:29Z,Terminator 2,MJK16RRR2OH
2017-08-19 22:55:41Z,Love,XMC46BJB8RT
2016-10-26 10:50:28Z,Mr. Bean's Holiday,PDH21WYL3QN
2010-06-20 00:42:05Z,Harry Potter and The Chamber Of Secrets,JLR04AMT4SR
2020-03-19 06:23:11Z,The Godfather,OLT25NPY3UK
2019-08-13 22:46:41Z,Inside Out,MJK16RRR2OH
2011-07-15 22:00:47Z,The Wolf Of Wallstreet,KLY23XPY8BA
2014-08-12 19:30:18Z,Brimstone,JLR04AMT4SR
2021-06-23 06:33:36Z,Batman Begins,JLR04AMT4SR
2011-12-18 10:34:43Z,Batman Begins,ASJ80SPW6GW
2015-08-20 19:20:13Z,The Conjuring,QYO02IHJ4CT
2010-07-01 22:33:25Z,Zootropolis,PDH21WYL3QN
2017-12-15 04:13:18Z,Thor : Ragnarok,MJK16RRR2OH
2017-03-18 10:03:33Z,Shutter Island,PKX71MDR7TX
2012-02-25 11:23:05Z,Ice Age 2,MJK16RRR2OH
2016-11-12 16:45:33Z,Star Wars,MCB21QLB4BY
2014-03-10 08:02:04Z,Allied,UPQ74SZR4GJ
2013-06-16 14:45:14Z,The Wolf Of Wallstreet,RMO23FNM8ZE
2014-09-08 06:04:57Z,The Notebook,OLT25NPY3UK
2019-04-23 01:15:49Z,The Godfather,RMO23FNM8ZE
2018-09-29 09:00:31Z,Harry Potter and The Sorcerer's Stone,QYO02IHJ4CT
2021-06-24 10:14:18Z,Pretty Woman,MJK16RRR2OH
2013-10-21 04:00:29Z,Pretty Woman,RIS45QSH4NG
2013-04-09 02:09:20Z,Friends With Kids,ASJ80SPW6GW
2021-09-26 15:47:39Z,Chronicles of Narnia,MCB21QLB4BY
2020-10-01 10:25:43Z,Titanic,RIS45QSH4NG
2016-05-02 10:55:29Z,Wonder Woman,JLR04AMT4SR
2021-06-14 08:30:35Z,American Pie,JLR04AMT4SR
2020-03-16 08:27:12Z,Batman Begins,XMC46BJB8RT
2012-01-29 06:33:55Z,Rambo I,QYO02IHJ4CT
2017-09-29 20:53:18Z,Rambo I,RIS45QSH4NG
2010-10-23 13:20:41Z,Batman Begins,ZQX26APL1AT
2016-02-20 00:29:09Z,Friends With Kids,RMO23FNM8ZE
2020-03-14 06:30:14Z,Terminator 2,UPQ74SZR4GJ
2020-10-24 14:33:17Z,Rambo III,QYO02IHJ4CT
2017-02-18 04:35:02Z,Blood Diamond,MJK16RRR2OH
2017-06-09 19:28:36Z,Mr. Bean's Holiday,ZQX26APL1AT
2017-09-15 12:36:21Z,Finding Dory,OLT25NPY3UK
2014-05-16 00:47:57Z,The Conjuring,ASJ80SPW6GW
2020-01-10 20:17:39Z,Harry Potter and The Chamber Of Secrets,ASJ80SPW6GW
2020-10-05 17:18:49Z,Seven,PKX71MDR7TX
2022-04-30 07:36:35Z,The Conjuring,UPQ74SZR4GJ
2020-06-24 22:18:58Z,American Pie,ZQX26APL1AT
2017-09-18 12:52:35Z,Star Wars,JLR04AMT4SR
2013-06-26 15:08:02Z,Thor : Ragnarok,QYO02IHJ4CT
2020-07-07 18:34:43Z,The Wolf Of Wallstreet,RIS45QSH4NG
2018-08-03 20:54:13Z,Chronicles of Narnia,OLT25NPY3UK
2020-05-13 12:37:21Z,The Conjuring,QYO02IHJ4CT
2013-10-15 21:01:46Z,Chocolat,RIS45QSH4NG
2014-07-03 16:47:55Z,The Martian,RIS45QSH4NG
2013-07-16 22:41:43Z,The Conjuring,UPQ74SZR4GJ
2012-10-25 13:16:03Z,The Dark Tower,KLY23XPY8BA
2012-07-23 16:52:40Z,Ice Age 2,RIS45QSH4NG
2021-10-01 01:05:09Z,Finding Dory,RIS45QSH4NG
2011-02-09 20:31:02Z,Shrek,OLT25NPY3UK
2014-02-27 14:21:38Z,Avatar,MCB21QLB4BY
2011-11-29 22:38:45Z,Terminator I,UPQ74SZR4GJ
2018-08-23 04:10:39Z,Shrek,MJK16RRR2OH
2013-01-24 06:34:55Z,Inside Out,ASJ80SPW6GW
2016-12-12 01:19:53Z,Avengers Infinity War,MJK16RRR2OH
2013-09-21 14:38:42Z,The Wolf Of Wallstreet,MCB21QLB4BY
2014-10-08 10:39:05Z,Wonder Woman,PKX71MDR7TX
2017-02-25 05:36:36Z,Alien,RMO23FNM8ZE
2012-08-04 01:06:01Z,Shutter Island,MCB21QLB4BY
2019-06-06 20:24:29Z,Brimstone,MJK16RRR2OH
2019-12-19 07:34:38Z,Terminator 2,QYO02IHJ4CT
2013-05-29 07:26:13Z,Titanic,RIS45QSH4NG
2016-05-28 07:54:50Z,Alien,KLY23XPY8BA
2012-12-28 12:05:24Z,Rambo II,KLY23XPY8BA
2022-02-15 14:57:37Z,Shutter Island,ZQX26APL1AT
2015-11-29 21:17:40Z,Romeo and Juliet,XMC46BJB8RT
2015-02-27 04:08:42Z,Terminator 2,KLY23XPY8BA
2011-01-01 20:01:57Z,Casablanca,PDH21WYL3QN
2013-06-08 18:23:26Z,SING,PKX71MDR7TX
2020-07-29 03:14:43Z,Brimstone,JLR04AMT4SR
2013-02-05 18:00:24Z,Pretty Woman,RIS45QSH4NG
2012-03-20 07:56:25Z,Terminator I,MCB21QLB4BY
2014-01-17 00:45:31Z,Thor : Ragnarok,KLY23XPY8BA
2013-12-01 04:12:44Z,Wonder Woman,PKX71MDR7TX
2014-06-24 11:07:24Z,Chronicles of Narnia,XMC46BJB8RT
2012-07-22 05:31:49Z,Chocolat,JLR04AMT4SR
2014-01-15 15:33:40Z,Harry Potter and The Sorcerer's Stone,ASJ80SPW6GW
2017-10-03 04:43:41Z,The Martian,PDH21WYL3QN
2018-12-31 21:34:18Z,Blood Diamond,PDH21WYL3QN
2013-05-14 00:51:39Z,Snatch,CFN06GBY7EB
2018-05-01 21:29:28Z,Terminator I,KLY23XPY8BA
2019-02-08 15:34:34Z,Chronicles of Narnia,JLR04AMT4SR
2021-05-14 18:07:04Z,The Notebook,ZQX26APL1AT
2017-09-30 10:04:03Z,Titanic,ZQX26APL1AT
2011-06-23 10:29:46Z,Friends With Kids,XMC46BJB8RT
2015-06-04 21:47:42Z,Limitless,MCB21QLB4BY
2012-03-16 08:51:19Z,Blood Diamond,JLR04AMT4SR
2014-08-22 04:04:02Z,Transformers,JLR04AMT4SR
2021-10-27 14:08:50Z,American Pie,PKX71MDR7TX
2021-05-22 18:30:56Z,Rambo II,QYO02IHJ4CT
2020-02-29 22:47:29Z,The Dark Tower,CFN06GBY7EB
2012-10-27 10:42:56Z,Wonder Woman,ASJ80SPW6GW
2020-02-17 19:51:58Z,Blood Diamond,ASJ80SPW6GW
2016-11-26 21:46:21Z,Casablanca,MCB21QLB4BY
2015-07-04 08:02:18Z,Finding Dory,RIS45QSH4NG
2016-02-13 07:37:42Z,Batman Begins,RMO23FNM8ZE
2017-10-26 09:49:36Z,Thor : Ragnarok,PDH21WYL3QN
2012-09-12 12:22:53Z,Snatch,ZQX26APL1AT
2021-04-15 10:07:46Z,Star Wars,KLY23XPY8BA
2011-06-10 17:08:09Z,Snatch,ZQX26APL1AT
2022-03-20 00:09:56Z,Terminator I,MCB21QLB4BY
2015-11-21 21:29:16Z,Allied,CFN06GBY7EB
2021-02-04 18:58:19Z,Batman Begins,OLT25NPY3UK
2015-04-27 00:14:12Z,Snatch,PKX71MDR7TX
2022-03-14 12:52:50Z,Terminator 2,ASJ80SPW6GW
2021-12-30 05:14:21Z,Black Panther,KLY23XPY8BA
2019-03-15 03:28:12Z,Shrek,CFN06GBY7EB
2017-10-04 05:51:56Z,Zootropolis,RMO23FNM8ZE
2013-08-16 01:05:56Z,Batman Begins,UPQ74SZR4GJ
2011-08-02 10:47:09Z,Friends With Kids,UPQ74SZR4GJ
2011-02-26 11:55:38Z,Mr. Bean's Holiday,XMC46BJB8RT
2015-06-27 02:17:50Z,Blood Diamond,QYO02IHJ4CT
2013-03-11 15:07:08Z,Finding Dory,JLR04AMT4SR
2019-02-02 07:46:40Z,Pretty Woman,PKX71MDR7TX
2012-05-18 03:16:52Z,Wonder Woman,MJK16RRR2OH
2021-05-26 10:55:13Z,Casablanca,ASJ80SPW6GW
2016-05-26 09:05:49Z,The Godfather,JLR04AMT4SR
2013-03-04 05:48:39Z,Finding Dory,XMC46BJB8RT
2016-06-07 21:01:14Z,Terminator 2,CFN06GBY7EB
2017-07-08 21:56:43Z,The Wolf Of Wallstreet,KLY23XPY8BA
2019-10-07 15:07:08Z,Chocolat,QYO02IHJ4CT
2021-06-13 04:02:24Z,Batman Begins,ZQX26APL1AT
2021-12-25 03:04:50Z,Shutter Island,PKX71MDR7TX
2020-03-08 13:16:03Z,Brimstone,RIS45QSH4NG
2016-04-12 11:07:26Z,Friends With Kids,OLT25NPY3UK
2013-02-08 02:02:46Z,Shrek,QYO02IHJ4CT
2022-01-26 11:12:19Z,Finding Dory,XMC46BJB8RT
2020-04-25 06:55:27Z,Titanic,ZQX26APL1AT
2010-08-09 04:24:02Z,Seven,XMC46BJB8RT
2014-06-08 19:09:02Z,Iron Man ,RIS45QSH4NG
2022-06-14 15:52:43Z,The Dark Tower,PDH21WYL3QN
2013-10-31 12:39:36Z,Black Panther,OLT25NPY3UK
2019-12-04 04:15:44Z,Terminator I,RMO23FNM8ZE
2015-11-30 21:44:36Z,Inside Out,ASJ80SPW6GW
2016-08-05 14:48:53Z,The Martian,PDH21WYL3QN
2014-01-17 01:04:11Z,The Ring,ASJ80SPW6GW
2014-10-03 22:58:29Z,Shrek,JLR04AMT4SR
2014-02-08 14:28:53Z,Allied,XMC46BJB8RT
2013-08-14 14:19:18Z,Chocolat,XMC46BJB8RT
2020-07-16 21:38:22Z,Harry Potter and The Chamber Of Secrets,PKX71MDR7TX
2015-01-08 02:32:38Z,Thor : Ragnarok,QYO02IHJ4CT
2014-09-11 19:58:44Z,Rambo I,UPQ74SZR4GJ
2012-12-08 10:28:25Z,SING,PKX71MDR7TX
2020-06-03 04:44:06Z,The Notebook,PDH21WYL3QN
2020-08-11 10:50:39Z,Rambo I,ZQX26APL1AT
2021-01-18 07:29:31Z,Black Panther,MCB21QLB4BY
2014-12-11 09:41:22Z,SING,OLT25NPY3UK
2013-06-08 09:20:42Z,Alien,XMC46BJB8RT
2016-01-03 14:42:46Z,Transformers,ASJ80SPW6GW
2019-12-15 03:53:31Z,Mr. Bean's Holiday,PKX71MDR7TX
2018-05-30 03:32:01Z,The Martian,UPQ74SZR4GJ
2021-05-08 06:51:30Z,Ice Age 2,RMO23FNM8ZE
2010-12-04 07:26:36Z,Transformers,CFN06GBY7EB
2019-12-21 17:05:36Z,Friends With Kids,MJK16RRR2OH
2015-06-12 18:01:47Z,Ice Age 2,MCB21QLB4BY
2013-02-09 17:03:55Z,Zootropolis,RIS45QSH4NG
2019-03-15 09:57:58Z,Harry Potter and The Sorcerer's Stone,MJK16RRR2OH
2012-12-10 19:40:24Z,Ice Age 2,RIS45QSH4NG
2022-05-06 12:48:49Z,Seven,QYO02IHJ4CT
2011-11-23 03:05:02Z,Allied,RMO23FNM8ZE
2010-08-28 01:16:58Z,Rambo I,MJK16RRR2OH
2020-07-07 03:43:07Z,Transformers,RMO23FNM8ZE
2012-03-11 04:54:11Z,Titanic,UPQ74SZR4GJ
2018-01-11 08:27:08Z,Friends With Kids,MCB21QLB4BY
2021-08-05 02:40:42Z,Mr. Bean's Holiday,OLT25NPY3UK
2020-12-15 22:11:32Z,Thor : Ragnarok,PDH21WYL3QN
2011-02-03 15:00:58Z,The Dark Knight,PKX71MDR7TX
2018-07-12 03:57:51Z,Shrek,XMC46BJB8RT
2011-05-06 02:32:39Z,Fantastic Beasts and Where To Find Them,ZQX26APL1AT
2019-12-03 14:37:39Z,Batman Begins,UPQ74SZR4GJ
2019-07-05 16:55:30Z,Casablanca,ZQX26APL1AT
2021-08-25 08:32:26Z,Wonder Woman,QYO02IHJ4CT
2020-07-21 21:11:21Z,Romeo and Juliet,XMC46BJB8RT
2016-03-09 04:55:51Z,Interstellar,OLT25NPY3UK
2016-06-11 08:35:30Z,Avatar,PKX71MDR7TX
2020-02-17 12:00:57Z,Fantastic Beasts and Where To Find Them,MJK16RRR2OH
2013-08-02 08:31:54Z,Casablanca,PDH21WYL3QN
2014-08-26 16:29:57Z,Chocolat,RMO23FNM8ZE
2014-01-07 13:31:36Z,SING,CFN06GBY7EB
2012-02-27 21:11:58Z,Iron Man ,MJK16RRR2OH
2017-08-30 15:44:10Z,Rambo I,JLR04AMT4SR
2014-11-09 02:25:03Z,Finding Dory,UPQ74SZR4GJ
2015-03-18 08:34:40Z,Brimstone,CFN06GBY7EB
2016-03-26 09:15:20Z,Zootropolis,ASJ80SPW6GW
2019-06-18 15:56:29Z,The Ring,JLR04AMT4SR
2021-07-29 19:57:42Z,The Dark Knight,RMO23FNM8ZE
2020-12-27 07:00:41Z,Titanic,PDH21WYL3QN
2017-07-11 13:20:47Z,Shrek,OLT25NPY3UK
2013-04-24 06:25:45Z,Brimstone,ZQX26APL1AT
2021-08-24 22:50:37Z,The Dark Knight,CFN06GBY7EB
2019-05-15 15:50:38Z,Friends With Kids,RMO23FNM8ZE
2021-05-27 16:15:58Z,Shutter Island,ZQX26APL1AT
2016-09-25 03:41:44Z,Zootropolis,RMO23FNM8ZE
2011-02-13 08:52:30Z,Inside Out,JLR04AMT4SR
2021-02-08 01:27:41Z,Rambo II,OLT25NPY3UK
2015-10-21 05:11:30Z,Seven,KLY23XPY8BA
2021-09-16 22:20:24Z,The Conjuring,XMC46BJB8RT
2013-01-05 11:21:10Z,Wonder Woman,RMO23FNM8ZE
2020-12-30 07:21:35Z,Rambo I,RIS45QSH4NG
2011-09-02 13:40:25Z,Star Wars,MJK16RRR2OH
2017-05-30 02:19:13Z,Avengers Infinity War,UPQ74SZR4GJ
2018-10-06 04:09:33Z,The Godfather,MJK16RRR2OH
2018-05-06 11:44:42Z,Seven,XMC46BJB8RT
2016-12-05 18:17:10Z,Rambo I,MJK16RRR2OH
2017-04-19 22:42:16Z,Snatch,OLT25NPY3UK
2017-02-21 15:50:33Z,Brimstone,RIS45QSH4NG
2020-08-24 13:45:34Z,Romeo and Juliet,RIS45QSH4NG
2020-06-28 14:06:57Z,Love,RMO23FNM8ZE
2010-08-28 07:46:05Z,Limitless,CFN06GBY7EB
2014-10-15 13:37:20Z,Limitless,MCB21QLB4BY
2014-02-26 06:29:18Z,The Notebook,RIS45QSH4NG
2017-07-01 08:03:42Z,Love,CFN06GBY7EB
2010-07-04 07:34:33Z,Finding Dory,ZQX26APL1AT
2011-06-28 17:10:02Z,Avengers Infinity War,CFN06GBY7EB
2021-03-16 15:18:18Z,Terminator 2,RMO23FNM8ZE
2013-04-17 04:36:40Z,Titanic,RIS45QSH4NG
2022-04-16 01:30:58Z,Romeo and Juliet,QYO02IHJ4CT
2017-01-04 01:26:13Z,Rambo II,CFN06GBY7EB
2015-10-26 13:22:06Z,Love,MCB21QLB4BY
2018-09-20 17:12:51Z,Snatch,KLY23XPY8BA
2017-10-28 09:34:53Z,Romeo and Juliet,JLR04AMT4SR
2017-12-03 22:11:12Z,Rambo I,PKX71MDR7TX
2015-02-04 17:22:33Z,Love,CFN06GBY7EB
2022-01-02 18:34:52Z,Romeo and Juliet,MJK16RRR2OH
2010-09-05 06:55:56Z,The Martian,RIS45QSH4NG
2014-03-14 06:11:26Z,The Dark Tower,KLY23XPY8BA
2016-04-18 22:43:10Z,Mr. Bean's Holiday,UPQ74SZR4GJ
2017-06-05 10:36:17Z,American Pie,CFN06GBY7EB
2017-03-01 20:14:06Z,Blood Diamond,RMO23FNM8ZE
2018-07-19 04:48:13Z,The Wolf Of Wallstreet,KLY23XPY8BA
2021-01-20 03:18:11Z,Harry Potter and The Sorcerer's Stone,UPQ74SZR4GJ
2014-04-21 10:37:55Z,Chocolat,OLT25NPY3UK
2014-04-30 18:44:47Z,Batman Begins,JLR04AMT4SR
2015-04-24 00:11:01Z,Alien,PKX71MDR7TX
2016-07-11 04:16:49Z,Rambo I,XMC46BJB8RT
2012-03-08 01:48:14Z,Alien,PDH21WYL3QN
2011-10-14 10:57:31Z,Friends With Kids,QYO02IHJ4CT
2014-05-10 15:32:41Z,Finding Dory,PDH21WYL3QN
2011-10-24 18:40:54Z,Transformers,MJK16RRR2OH
2019-09-21 02:26:28Z,Alien,ASJ80SPW6GW
2018-03-03 00:47:54Z,Inside Out,PDH21WYL3QN
2018-09-19 20:28:04Z,Zootropolis,RMO23FNM8ZE
2013-09-21 14:22:37Z,Seven,PDH21WYL3QN
2020-09-20 18:12:16Z,Alien,MCB21QLB4BY
2019-05-18 11:29:47Z,The Ring,JLR04AMT4SR
2018-09-27 11:20:06Z,The Notebook,QYO02IHJ4CT
2010-09-06 13:19:56Z,Terminator I,PKX71MDR7TX
2011-10-02 15:02:08Z,Chronicles of Narnia,ZQX26APL1AT
2015-11-12 04:28:21Z,Allied,ZQX26APL1AT
2016-02-07 09:02:39Z,Love,UPQ74SZR4GJ
2021-11-15 20:09:11Z,Mr. Bean's Holiday,XMC46BJB8RT
2012-05-15 11:00:44Z,Blood Diamond,ZQX26APL1AT
2012-07-03 11:21:42Z,The Dark Knight,OLT25NPY3UK
2018-06-21 07:25:57Z,Black Panther,MJK16RRR2OH
2012-10-02 18:04:25Z,Octav,PKX71MDR7TX
2017-02-20 00:07:50Z,Rambo III,RIS45QSH4NG
2013-07-28 10:40:13Z,Inside Out,ZQX26APL1AT
2011-10-10 10:08:23Z,Interstellar,MCB21QLB4BY
2017-09-02 14:16:25Z,Terminator I,OLT25NPY3UK
2021-08-30 18:44:03Z,Iron Man ,KLY23XPY8BA
2012-05-04 22:04:30Z,Romeo and Juliet,MJK16RRR2OH
2012-05-20 19:43:20Z,Brimstone,PDH21WYL3QN
2012-05-04 08:09:02Z,Avatar,JLR04AMT4SR
2018-12-09 19:07:19Z,Shutter Island,RIS45QSH4NG
2013-03-06 03:02:27Z,Mr. Bean's Holiday,ASJ80SPW6GW
2016-12-13 11:38:45Z,The Wolf Of Wallstreet,MJK16RRR2OH
2019-04-24 05:03:34Z,Mr. Bean's Holiday,MJK16RRR2OH
2013-09-02 08:09:32Z,Wonder Woman,UPQ74SZR4GJ
2013-10-26 16:47:23Z,Zootropolis,UPQ74SZR4GJ
2013-01-01 11:14:57Z,Allied,JLR04AMT4SR
2011-08-11 15:25:50Z,American Pie,PKX71MDR7TX
2022-05-18 21:35:57Z,Black Panther,MCB21QLB4BY
2018-05-31 04:56:24Z,Seven,MJK16RRR2OH
2021-06-01 07:33:28Z,The Ring,QYO02IHJ4CT
2014-04-11 15:34:05Z,The Wolf Of Wallstreet,PDH21WYL3QN
2016-09-12 08:37:07Z,Zootropolis,RIS45QSH4NG
2010-12-09 05:39:47Z,Harry Potter and The Chamber Of Secrets,JLR04AMT4SR
2010-12-31 18:11:31Z,The Conjuring,RMO23FNM8ZE
2014-04-02 17:11:24Z,The Conjuring,RMO23FNM8ZE
2011-09-01 17:22:08Z,Avengers Infinity War,MCB21QLB4BY
2021-02-14 21:45:47Z,Shrek,RMO23FNM8ZE
2015-08-02 02:19:56Z,Friends With Kids,RMO23FNM8ZE
2017-12-31 07:28:37Z,Terminator 2,RMO23FNM8ZE
2015-06-09 11:08:35Z,Shutter Island,QYO02IHJ4CT
2011-07-23 03:02:54Z,Octav,MCB21QLB4BY
2016-12-16 11:09:30Z,Harry Potter and The Chamber Of Secrets,KLY23XPY8BA
2019-10-02 22:29:41Z,Avatar,XMC46BJB8RT
2011-11-08 10:51:10Z,Inside Out,ZQX26APL1AT
2021-09-16 11:14:00Z,Star Wars,RMO23FNM8ZE
2010-07-02 06:32:18Z,Titanic,MJK16RRR2OH
2017-08-10 13:45:54Z,Zootropolis,MCB21QLB4BY
2019-07-20 20:50:55Z,Rambo II,KLY23XPY8BA
2021-11-04 21:48:08Z,Fantastic Beasts and Where To Find Them,XMC46BJB8RT
2018-03-21 18:45:11Z,The Martian,UPQ74SZR4GJ
2021-10-07 14:57:12Z,Iron Man ,RMO23FNM8ZE
2017-10-31 20:02:58Z,Octav,ASJ80SPW6GW
2013-05-05 21:50:21Z,Finding Dory,MJK16RRR2OH
2012-07-16 04:33:22Z,Romeo and Juliet,XMC46BJB8RT
2013-04-11 14:54:04Z,Avengers Infinity War,UPQ74SZR4GJ
2022-05-09 15:06:15Z,Iron Man ,ZQX26APL1AT
2012-10-16 12:20:19Z,Finding Dory,ASJ80SPW6GW
2021-12-13 14:32:38Z,Rambo III,UPQ74SZR4GJ
2020-12-14 19:50:05Z,Octav,MCB21QLB4BY
2010-07-31 02:26:54Z,The Conjuring,JLR04AMT4SR
2015-09-19 05:23:30Z,Transformers,RIS45QSH4NG
2014-04-05 16:52:45Z,Iron Man ,QYO02IHJ4CT
2021-12-01 17:46:41Z,Terminator I,RMO23FNM8ZE
2019-01-13 13:30:08Z,Seven,XMC46BJB8RT
2017-01-30 15:54:38Z,Harry Potter and The Chamber Of Secrets,PDH21WYL3QN
2015-02-21 17:48:13Z,Avengers Infinity War,RIS45QSH4NG
2021-03-04 04:10:40Z,Chronicles of Narnia,XMC46BJB8RT
2021-12-25 02:49:35Z,Ice Age 2,PKX71MDR7TX
2013-04-18 16:45:21Z,Fantastic Beasts and Where To Find Them,PDH21WYL3QN
2011-08-11 01:09:25Z,Black Panther,MCB21QLB4BY
2015-07-31 13:17:39Z,Pretty Woman,RIS45QSH4NG
2019-11-27 07:43:41Z,The Notebook,RIS45QSH4NG
2017-03-05 20:39:20Z,Inside Out,OLT25NPY3UK
2019-05-29 13:06:50Z,Blood Diamond,KLY23XPY8BA
2017-06-19 17:53:15Z,Casablanca,ZQX26APL1AT
2020-05-17 20:32:52Z,Rambo III,ZQX26APL1AT
2014-05-20 13:22:05Z,Brimstone,QYO02IHJ4CT
2014-02-02 20:30:38Z,The Godfather,JLR04AMT4SR
2018-02-16 08:08:14Z,Zootropolis,QYO02IHJ4CT
2014-08-15 01:25:57Z,Casablanca,OLT25NPY3UK
2016-07-19 22:17:44Z,Mr. Bean's Holiday,CFN06GBY7EB
2018-08-14 15:02:38Z,Shutter Island,ZQX26APL1AT
2021-05-26 17:49:58Z,Casablanca,MJK16RRR2OH
2022-01-11 11:34:20Z,Rambo II,RIS45QSH4NG
2020-07-08 01:26:47Z,American Pie,ASJ80SPW6GW
2012-10-04 14:38:54Z,Terminator I,KLY23XPY8BA
2019-09-08 10:33:51Z,Shutter Island,XMC46BJB8RT
2014-11-14 06:37:31Z,The Dark Knight,RMO23FNM8ZE
2017-12-31 19:51:27Z,Black Panther,JLR04AMT4SR
2020-11-17 12:09:13Z,Chocolat,QYO02IHJ4CT
2020-08-12 10:04:52Z,The Ring,CFN06GBY7EB
2015-09-08 11:29:40Z,The Notebook,PDH21WYL3QN
2011-04-08 00:06:57Z,Avengers Infinity War,ASJ80SPW6GW
2015-12-14 04:56:46Z,Shrek,XMC46BJB8RT
2018-06-22 19:02:02Z,Avatar,RIS45QSH4NG
2022-02-21 04:58:38Z,The Ring,MJK16RRR2OH
2018-03-23 10:25:32Z,Harry Potter and The Chamber Of Secrets,RMO23FNM8ZE
2013-12-10 08:40:41Z,Fantastic Beasts and Where To Find Them,PKX71MDR7TX
2020-09-27 18:56:10Z,Wonder Woman,RIS45QSH4NG
2017-10-27 17:52:01Z,Romeo and Juliet,JLR04AMT4SR
2018-06-10 13:21:34Z,Blood Diamond,MCB21QLB4BY
2022-04-12 09:02:25Z,Shutter Island,RIS45QSH4NG
2013-04-09 12:50:29Z,Blood Diamond,XMC46BJB8RT
2017-10-26 13:33:09Z,Black Panther,JLR04AMT4SR
2011-05-08 12:15:00Z,SING,UPQ74SZR4GJ
2020-12-20 20:51:46Z,Chronicles of Narnia,OLT25NPY3UK
2013-02-14 07:56:57Z,Friends With Kids,UPQ74SZR4GJ
2011-03-13 01:49:50Z,Chronicles of Narnia,PKX71MDR7TX
2020-10-13 07:14:29Z,Friends With Kids,PKX71MDR7TX
2014-05-20 21:26:27Z,Batman Begins,MCB21QLB4BY
2010-10-04 04:43:53Z,Ice Age 1,CFN06GBY7EB
2012-02-15 07:21:46Z,Harry Potter and The Chamber Of Secrets,MJK16RRR2OH
2011-04-12 13:14:34Z,The Martian,XMC46BJB8RT
2021-08-21 13:52:58Z,Shrek,ASJ80SPW6GW
2016-10-19 17:41:18Z,Iron Man ,UPQ74SZR4GJ
2019-03-20 06:45:28Z,Harry Potter and The Sorcerer's Stone,RIS45QSH4NG
2021-08-20 10:23:09Z,Harry Potter and The Chamber Of Secrets,QYO02IHJ4CT
2010-11-21 13:03:21Z,Chocolat,MJK16RRR2OH
2019-05-21 16:03:01Z,Fantastic Beasts and Where To Find Them,RIS45QSH4NG
2013-12-12 02:38:30Z,Ice Age 1,ZQX26APL1AT
2019-07-07 01:27:48Z,Terminator 2,CFN06GBY7EB
2013-11-23 10:25:36Z,Love,JLR04AMT4SR
2020-10-24 12:51:19Z,Ice Age 2,MCB21QLB4BY
2017-09-10 03:05:45Z,Star Wars,QYO02IHJ4CT
2014-10-27 11:30:35Z,Ice Age 2,MCB21QLB4BY
2020-02-08 15:40:32Z,Brimstone,PKX71MDR7TX
2017-12-21 14:14:52Z,Blood Diamond,JLR04AMT4SR
2020-11-14 00:33:03Z,Friends With Kids,MJK16RRR2OH
2017-03-17 03:25:28Z,Snatch,QYO02IHJ4CT
2012-09-07 19:43:07Z,Titanic,MCB21QLB4BY
2011-11-22 00:51:33Z,Wonder Woman,OLT25NPY3UK
2013-03-27 12:50:54Z,Alien,PKX71MDR7TX
2017-09-17 18:52:37Z,Seven,MCB21QLB4BY
2013-04-14 07:58:36Z,Pretty Woman,CFN06GBY7EB
2017-08-08 13:02:14Z,Chocolat,RMO23FNM8ZE
2013-02-25 02:02:05Z,Rambo III,RIS45QSH4NG
2021-11-29 21:32:22Z,Octav,PKX71MDR7TX
2017-10-19 17:39:38Z,Harry Potter and The Sorcerer's Stone,ASJ80SPW6GW
2014-05-19 03:38:44Z,The Wolf Of Wallstreet,MJK16RRR2OH
2019-09-14 05:46:13Z,Iron Man ,QYO02IHJ4CT
2021-01-21 19:06:06Z,The Conjuring,ASJ80SPW6GW
2016-10-01 22:37:11Z,Casablanca,PKX71MDR7TX
2012-02-21 11:45:12Z,The Notebook,OLT25NPY3UK
2018-04-13 05:29:46Z,Shrek,XMC46BJB8RT
2016-05-13 14:20:08Z,Blood Diamond,ASJ80SPW6GW
2015-10-10 21:16:19Z,Ice Age 1,PDH21WYL3QN
2022-02-15 06:48:47Z,Chronicles of Narnia,CFN06GBY7EB
2011-07-27 19:26:47Z,Zootropolis,JLR04AMT4SR
2018-01-20 02:28:37Z,Zootropolis,MJK16RRR2OH
2020-07-08 08:26:24Z,Seven,CFN06GBY7EB
2016-10-16 17:00:34Z,Thor : Ragnarok,RIS45QSH4NG
2013-06-17 11:57:23Z,Rambo I,XMC46BJB8RT
2017-05-30 16:17:34Z,Pretty Woman,CFN06GBY7EB
2020-07-15 15:56:22Z,Seven,ZQX26APL1AT
2020-03-23 18:40:26Z,Casablanca,OLT25NPY3UK
2014-12-31 03:41:47Z,Octav,PDH21WYL3QN
2011-02-22 11:51:03Z,Rambo II,CFN06GBY7EB
2013-01-14 06:14:01Z,Limitless,JLR04AMT4SR
2017-06-03 19:02:40Z,Fantastic Beasts and Where To Find Them,RIS45QSH4NG
2021-09-20 18:52:35Z,Interstellar,UPQ74SZR4GJ
2012-06-22 09:03:09Z,Avatar,MCB21QLB4BY
2019-04-19 01:32:34Z,The Dark Tower,PDH21WYL3QN
2011-08-20 18:09:31Z,The Godfather,RMO23FNM8ZE
2011-05-08 18:14:30Z,Harry Potter and The Chamber Of Secrets,PDH21WYL3QN
2016-12-01 09:55:47Z,Terminator I,RMO23FNM8ZE
2021-11-03 17:00:41Z,The Godfather,CFN06GBY7EB
2017-04-19 06:05:18Z,Romeo and Juliet,MJK16RRR2OH
2018-01-27 10:42:35Z,Zootropolis,KLY23XPY8BA
2012-04-12 17:39:36Z,Harry Potter and The Sorcerer's Stone,ZQX26APL1AT
2019-09-04 16:29:36Z,Romeo and Juliet,PDH21WYL3QN
2011-10-30 12:22:46Z,Allied,ZQX26APL1AT
2019-05-19 11:15:28Z,Snatch,UPQ74SZR4GJ
2022-05-11 01:50:29Z,Chronicles of Narnia,MJK16RRR2OH
2020-07-16 16:50:50Z,Avengers Infinity War,PKX71MDR7TX
2018-02-12 02:37:09Z,Terminator I,UPQ74SZR4GJ
2019-12-22 17:18:19Z,Ice Age 2,XMC46BJB8RT
2013-05-18 05:22:01Z,Allied,MCB21QLB4BY
2010-06-29 20:18:21Z,Allied,OLT25NPY3UK
2012-02-26 04:13:05Z,The Notebook,RIS45QSH4NG
2011-07-29 20:09:46Z,Shrek,PDH21WYL3QN
2011-01-05 19:38:11Z,Pretty Woman,RIS45QSH4NG
2010-08-11 21:12:07Z,Titanic,PDH21WYL3QN
2022-03-22 04:55:34Z,Seven,MCB21QLB4BY
2019-06-10 15:49:32Z,Chronicles of Narnia,KLY23XPY8BA
2021-12-19 09:28:53Z,Iron Man ,MJK16RRR2OH
2015-12-29 19:32:48Z,The Conjuring,CFN06GBY7EB
2021-04-16 14:31:40Z,Octav,RIS45QSH4NG
2015-02-22 13:11:58Z,Star Wars,QYO02IHJ4CT
2011-06-03 15:10:11Z,The Martian,RMO23FNM8ZE
2022-02-02 05:38:49Z,Ice Age 1,KLY23XPY8BA
2015-06-18 01:35:56Z,Romeo and Juliet,MCB21QLB4BY
2018-02-09 08:44:53Z,The Conjuring,XMC46BJB8RT
2012-03-13 08:23:32Z,Seven,MCB21QLB4BY
2014-11-16 14:14:43Z,Love,PKX71MDR7TX
2012-05-01 11:50:36Z,Transformers,RIS45QSH4NG
2013-11-19 05:16:55Z,The Dark Knight,ZQX26APL1AT
2013-02-13 05:41:12Z,Black Panther,MJK16RRR2OH
2020-08-09 00:33:00Z,Finding Dory,UPQ74SZR4GJ
2010-09-17 19:16:24Z,Thor : Ragnarok,JLR04AMT4SR
2018-12-01 06:36:55Z,Ice Age 1,MCB21QLB4BY
2014-04-18 22:53:56Z,Avatar,XMC46BJB8RT
2021-08-07 04:57:12Z,Inside Out,JLR04AMT4SR
2015-05-06 01:47:35Z,The Notebook,ZQX26APL1AT
2021-08-02 15:10:24Z,The Dark Tower,PDH21WYL3QN
2014-10-04 01:14:30Z,Chronicles of Narnia,RIS45QSH4NG
2014-04-03 04:25:49Z,American Pie,JLR04AMT4SR
2010-07-24 13:20:19Z,Brimstone,CFN06GBY7EB
2013-04-06 07:43:45Z,Finding Dory,MCB21QLB4BY
2018-02-06 00:21:36Z,SING,JLR04AMT4SR
2021-10-05 00:40:03Z,Octav,ASJ80SPW6GW
2010-11-12 02:12:31Z,Wonder Woman,JLR04AMT4SR
2013-05-26 17:23:07Z,Rambo I,RMO23FNM8ZE
2019-01-07 17:08:10Z,Chocolat,UPQ74SZR4GJ
2020-02-09 17:27:35Z,Terminator 2,PDH21WYL3QN
2017-11-15 21:24:11Z,Thor : Ragnarok,OLT25NPY3UK
2014-05-23 16:36:42Z,Ice Age 2,RMO23FNM8ZE
2013-11-27 12:22:57Z,Casablanca,RIS45QSH4NG
2021-06-21 08:47:05Z,Transformers,RMO23FNM8ZE
2016-04-21 21:36:38Z,Snatch,CFN06GBY7EB
2020-11-16 20:10:14Z,Casablanca,ZQX26APL1AT
2012-10-23 12:04:55Z,Wonder Woman,XMC46BJB8RT
2011-10-18 15:01:44Z,The Wolf Of Wallstreet,PKX71MDR7TX
2016-10-28 02:39:12Z,Chronicles of Narnia,OLT25NPY3UK
2012-08-14 09:10:10Z,Harry Potter and The Sorcerer's Stone,OLT25NPY3UK
2015-06-03 21:21:50Z,Batman Begins,PDH21WYL3QN
2018-11-24 06:45:40Z,The Wolf Of Wallstreet,MJK16RRR2OH
2015-10-19 12:22:42Z,Blood Diamond,CFN06GBY7EB
2019-04-09 10:25:42Z,Ice Age 2,PDH21WYL3QN
2013-03-19 08:03:11Z,Finding Dory,KLY23XPY8BA
2014-10-16 05:24:47Z,The Dark Knight,ASJ80SPW6GW
2016-02-19 16:00:45Z,Limitless,MCB21QLB4BY
2013-08-24 04:13:19Z,Mr. Bean's Holiday,ASJ80SPW6GW
2020-04-03 21:20:49Z,Avatar,ZQX26APL1AT
2022-06-20 17:56:30Z,Terminator 2,RMO23FNM8ZE
2019-04-15 22:26:16Z,Finding Dory,MCB21QLB4BY
2011-01-25 20:10:37Z,Seven,PKX71MDR7TX
2016-01-16 20:56:20Z,Avengers Infinity War,CFN06GBY7EB
2019-04-29 11:35:07Z,Avengers Infinity War,QYO02IHJ4CT
2017-01-25 04:06:11Z,The Godfather,UPQ74SZR4GJ
